,Area,N_vertices,Perimetro,Class
0,28977.5,6,665.2274835109711,0
1,29022.5,6,658.3990564346313,0
2,29121.5,6,649.5706293582916,0
3,29080.5,6,656.3990565538406,0
4,24565.5,7,599.0853478908539,0
5,24558.5,6,599.0853476524353,0
6,24597.5,8,596.2569205760956,0
7,24604.5,7,596.2569208145142,0
8,22402.5,6,574.9432129859924,0
9,22387.0,6,574.3574265241623,0
10,22377.5,7,574.6000672578812,0
11,22391.5,6,575.7716401815414,0
12,29325.5,7,655.5706300735474,0
13,29394.5,6,652.7422029972076,0
14,29405.0,7,650.4995622634888,0
15,29335.0,5,653.3279893398285,0
16,1346.0,8,1189.2833927869797,0
17,1346.0,8,1190.7981115579605,0
18,1323.5,8,1191.3838980197906,0
19,1331.0,8,1189.626538515091,0
20,33100.5,7,688.4823153018951,0
21,33093.5,8,688.4823155403137,0
22,33083.5,7,692.1391699314117,0
23,33088.5,7,692.1391696929932,0
24,0.5,3,3.414213538169861,0
25,0.0,1,0.0,0
26,2.5,5,7.414213538169861,0
27,2.5,6,9.41421353816986,0
28,26392.0,6,615.3868631124496,0
29,26331.0,6,618.2152903079987,0
30,26293.0,6,621.0437173843384,0
31,26355.0,6,618.2152900695801,0
32,1379.0,8,1245.6854149103165,0
33,1378.5,8,1249.099628329277,0
34,1372.0,8,1248.5138412714005,0
35,1373.0,8,1246.5138412714005,0
36,4.0,4,8.0,0
37,4.0,4,8.0,0
38,4.0,4,8.0,0
39,16.5,5,17.899494528770447,0
40,1154.0,8,677.1269778013229,0
41,1149.5,8,678.5411914587021,0
42,1161.5,8,678.5411916971207,0
43,1163.5,9,676.5411914587021,0
44,982.0,8,683.5289982557297,0
45,12.0,4,15.656854152679443,0
46,10.5,4,14.242640614509583,0
47,987.5,8,684.1147849559784,0
48,6.5,6,10.242640614509583,0
49,6.5,6,10.242640614509583,0
50,5.0,6,8.828427076339722,0
51,5.0,6,8.828427076339722,0
52,7560.0,6,331.4213536977768,0
53,7535.5,6,333.6639941930771,0
54,7552.5,5,333.6639941930771,0
55,7577.0,6,331.4213536977768,0
56,827.5,7,634.3990573883057,0
57,841.5,7,634.3990576267242,0
58,842.0,7,636.984844326973,0
59,830.0,7,635.8132714033127,0
60,1060.0,9,600.014279961586,0
61,1072.0,8,599.1858530044556,0
62,1049.0,9,599.1858526468277,0
63,1038.0,8,600.842707157135,0
64,1055.5,7,647.570629119873,0
65,1047.0,7,646.1564153432846,0
66,1047.0,7,649.8132696151733,0
67,1049.5,8,649.2274833917618,0
68,902.0,7,686.2396776676178,0
69,903.0,8,687.0681042671204,0
70,898.5,7,687.653890132904,0
71,899.5,8,685.6538910865784,0
72,1340.0,8,740.298551440239,0
73,1326.5,8,740.8843381404877,0
74,1322.5,8,738.8843381404877,0
75,1344.5,8,734.8843379020691,0
76,1424.0,8,1036.0630518198013,0
77,1425.5,8,1038.6488381624222,0
78,1410.0,8,1038.8914791345596,0
79,1410.5,8,1037.4772658348083,0
80,317.0,4,304.7939372062683,0
81,481.5,5,442.03152549266815,0
82,477.0,6,444.27416598796844,0
83,0.0,2,4.0,0
84,4.0,4,8.0,0
85,4.0,4,8.0,0
86,512.0,4,544.9848428964615,0
87,4.0,4,8.0,0
88,548.0,6,497.9310199022293,0
89,386.0,4,383.6467499732971,0
90,3.5,5,7.414213538169861,0
91,2.0,4,6.0,0
92,303.0,4,263.13708329200745,0
93,408.5,6,421.2619733810425,0
94,12.0,4,16.0,0
95,3.5,5,7.414213538169861,0
96,1159.0,9,951.9209161996841,0
97,448.5,4,474.1736615896225,0
98,1144.0,9,953.0924892425537,0
99,1149.5,9,952.1635571718216,0
100,13.0,4,20.485281229019165,0
101,14.5,4,21.071067690849304,0
102,202.5,4,212.75230753421783,0
103,212.0,4,212.99494814872742,0
104,593.5,6,592.1147845983505,0
105,202.5,4,196.89444279670715,0
106,205.0,4,197.4802292585373,0
107,3.0,5,6.828427076339722,0
108,830.0,6,780.0975396633148,0
109,298.5,4,301.948264837265,0
110,27.5,3,34.24264061450958,0
111,29.5,3,34.24264061450958,0
112,835.0,7,719.9797902107239,0
113,195.5,4,205.2375876903534,0
114,11.0,5,14.828427076339722,0
115,829.5,6,720.9087224006653,0
116,873.5,6,787.3351302146912,0
117,277.0,4,270.5929261445999,0
118,285.0,4,268.5929261445999,0
119,864.0,6,788.7493433952332,0
120,655.5,6,649.4873698949814,1
121,3.5,5,7.414213538169861,1
122,173.5,4,121.9827550649643,1
123,1135.5,4,1190.1635568141937,1
124,25865.5,4,681.9137740135193,1
125,25886.5,4,677.4284934997559,1
126,25882.5,4,677.4284929037094,1
127,25859.5,4,681.913774728775,1
128,5.5,5,10.242640614509583,1
129,1587.5,6,1383.241763472557,1
130,1593.0,6,1382.9991229772568,1
131,5.5,5,9.41421353816986,1
132,8.5,5,12.242640614509583,1
133,18912.0,4,612.9604572057724,1
134,18910.0,4,612.1320301294327,1
135,7.0,5,11.656854152679443,1
136,789.0,6,835.269112944603,1
137,566.5,6,590.291410446167,1
138,559.5,6,592.7766916751862,1
139,785.5,6,833.8548994064331,1
140,272.0,4,209.48022842407227,1
141,270.0,4,209.48022830486298,1
142,11.0,6,21.656854152679443,1
143,1053.5,6,1051.335128545761,1
144,1613.5,6,1285.158503293991,1
145,1612.0,7,1285.7442895174026,1
146,1616.0,7,1285.7442895174026,1
147,1606.5,7,1285.9869301319122,1
148,995.0,8,965.5777691602707,1
149,1367.0,6,1433.685414671898,1
150,1359.0,6,1433.3422685861588,1
151,8.5,5,12.242640614509583,1
152,29765.0,5,704.4995622634888,1
153,29798.0,5,703.3279892206192,1
154,29804.5,5,701.5706301927567,1
155,29772.0,5,703.3279894590378,1
156,9.5,4,16.242640614509583,1
157,12.0,3,23.656854152679443,1
158,3.5,3,26.242640614509583,1
159,11.0,4,17.656854152679443,1
160,21829.5,5,604.6589416265488,1
161,21770.0,5,610.9015816450119,1
162,21793.5,5,611.1442222595215,1
163,21852.0,5,604.9015822410583,1
164,21.5,4,29.55634891986847,1
165,14.5,5,18.727921724319458,1
166,12.0,5,18.485281229019165,1
167,20.5,3,29.55634891986847,1
168,25387.0,5,649.5289981365204,1
169,25360.0,4,654.357424736023,1
170,25350.0,5,654.357424736023,1
171,25380.0,5,650.3574253320694,1
172,26375.5,5,686.4579322338104,1
173,2347.5,6,1335.9869322776794,1
174,2364.0,6,1338.5727194547653,1
175,26380.5,5,687.2863593101501,1
176,607.5,4,305.0365775823593,1
177,603.0,4,307.2792180776596,1
178,848.0,4,359.90663492679596,1
179,607.0,4,304.45079147815704,1
180,17.5,5,20.727921724319458,1
181,14.5,4,18.727921724319458,1
182,16.5,5,20.727921724319458,1
183,17.5,5,20.727921724319458,1
184,13.5,4,19.899494767189026,1
185,12.5,5,30.727921843528748,1
186,14.0,3,32.14213538169861,1
187,13.5,4,19.899494767189026,1
188,25.0,4,32.14213538169861,1
189,2.0,4,6.0,1
190,0.5,3,3.414213538169861,1
191,25.0,4,32.14213538169861,1
192,20254.0,4,632.9848421812057,1
193,20252.0,4,627.3279881477356,1
194,20258.5,4,625.9137746095657,1
195,20255.5,4,631.570629119873,1
196,1783.5,6,1087.761534690857,1
197,1792.5,6,1089.4183889627457,1
198,1793.0,6,1091.6610292196274,1
199,1779.0,6,1090.0041745901108,1
200,0.0,1,0.0,1
201,23.5,3,40.38477599620819,1
202,4.0,4,8.0,1
203,4.0,4,8.0,1
204,0.0,1,0.0,1
205,60.0,3,67.4558436870575,1
206,8.5,5,12.242640614509583,1
207,3.5,5,7.414213538169861,1
208,3.5,5,7.414213538169861,1
209,0.0,2,4.0,1
210,4.0,4,8.0,1
211,0.5,3,3.414213538169861,1
212,4.0,6,8.828427076339722,1
213,3.5,5,7.414213538169861,1
214,2.0,5,6.828427076339722,1
215,3.5,5,7.414213538169861,1
216,31.0,3,41.79898941516876,1
217,226.5,4,236.35028672218323,1
218,19.5,4,23.41421353816986,1
219,12.5,5,17.899494647979736,1
220,247.0,4,302.9949474334717,1
221,275.0,4,301.8233745098114,1
222,19.5,4,30.727921843528748,1
223,76.0,2,102.14213538169861,1
224,8.0,4,41.65685415267944,1
225,3.5,6,8.242640614509583,1
226,215.0,4,353.6812393665314,1
227,7.5,6,14.242640614509583,1
228,4.0,4,8.0,1
229,251.5,4,268.8355677127838,1
230,254.0,4,266.2497812509537,1
231,135.0,4,154.71067714691162,1
232,13.0,7,25.313708186149597,1
233,38.0,3,48.28427076339722,1
234,82.5,2,153.8406196832657,1
235,12.5,5,27.899494767189026,1
236,1433.5,6,1378.7909729480743,1
237,1454.0,6,1379.3767590522766,1
238,1463.0,6,1380.2051861286163,1
239,1442.0,6,1379.033613562584,1
240,1684.5,8,1610.6042433977127,2
241,1692.5,8,1609.4326704740524,2
242,1697.0,8,1610.8468829393387,2
243,1687.0,8,1612.0184561014175,2
244,1456.0,9,1238.479351758957,2
245,1448.5,8,1240.7219932079315,2
246,1438.5,9,1241.5504204034805,2
247,1450.0,8,1239.307778954506,2
248,1776.0,7,1430.930144071579,2
249,1779.0,9,1433.7585701942444,2
250,1777.0,8,1435.7585705518723,2
251,1774.0,9,1431.7585713863373,2
252,27369.5,6,667.452880859375,2
253,1455.0,8,1291.2489049434662,2
254,1451.5,8,1292.6631181240082,2
255,1476.0,8,1290.4204777479172,2
256,1177.0,8,972.4549641609192,2
257,1385.5,8,1217.8103024959564,2
258,1377.0,8,1217.567662358284,2
259,180.0,2,246.28427076339722,2
260,1632.5,8,1498.9230024814606,2
261,1401.0,8,1227.1168730258942,2
262,290.5,2,264.8355669975281,2
263,0.0,2,4.0,2
264,24411.5,6,656.3401806354523,2
265,24338.5,6,662.8254619836807,2
266,24358.0,6,662.2396755218506,2
267,24433.0,6,655.7543938159943,2
268,1374.5,9,1245.8691791296005,2
269,1324.0,8,1254.5971010923386,2
270,0.0,1,0.0,2
271,1366.5,9,1245.5260338783264,2
272,1439.0,9,1181.4255323410034,2
273,1444.0,9,1184.1118240356445,2
274,1436.5,9,1183.526036977768,2
275,1440.0,9,1182.5971050262451,2
276,0.0,1,0.0,2
277,0.5,3,3.414213538169861,2
278,0.0,1,0.0,2
279,0.5,3,3.414213538169861,2
280,12268.0,6,486.3330407142639,2
281,12241.5,6,486.2325351238251,2
282,12258.5,6,484.5756813287735,2
283,12300.5,6,483.2619730234146,2
284,4.0,4,8.0,2
285,3.5,7,12.242640614509583,2
286,20.0,5,28.485281229019165,2
287,4.0,4,8.0,2
288,42.5,2,64.18376529216766,2
289,43.5,2,64.18376529216766,2
290,3.5,5,7.414213538169861,2
291,0.5,4,5.414213538169861,2
292,821.5,6,591.2030971050262,2
293,551.5,4,414.95331740379333,2
294,4.0,4,8.0,2
295,7.0,8,17.656854152679443,2
296,19540.5,6,573.7127647399902,2
297,19499.0,6,577.1269782781601,2
298,19510.0,6,576.298551440239,2
299,19550.5,6,572.8843380212784,2
300,14.5,5,25.071067690849304,2
301,5.0,5,19.656854152679443,2
302,5.5,6,13.071067690849304,2
303,37.5,3,46.38477599620819,2
304,4.0,6,8.828427076339722,2
305,4.5,5,12.242640614509583,2
306,3.5,5,7.414213538169861,2
307,3.5,5,7.414213538169861,2
308,16284.0,6,530.984845995903,2
309,16217.5,6,538.0559122562408,2
310,16225.5,6,538.3990596532822,2
311,16291.0,6,532.4995630979538,2
312,15595.5,6,566.114785194397,2
313,15605.0,6,568.357425570488,2
314,15611.5,6,566.1147849559784,2
315,15596.5,6,565.286357998848,2
316,1415.0,8,1412.538228392601,2
317,26816.5,5,731.9970364570618,2
318,1432.0,8,1414.0529475212097,2
319,1420.0,8,1415.709800362587,2
320,14551.0,6,519.0437183380127,2
321,14494.5,6,521.2863589525223,2
322,14494.5,6,520.9432131052017,2
323,14551.0,6,518.7005724906921,2
324,1558.5,8,1274.4966008663177,2
325,1575.0,7,1273.4255331754684,2
326,1602.5,7,1270.8397463560104,2
327,1584.0,8,1271.910814166069,2
328,16159.5,5,575.6295042037964,2
329,16038.5,5,583.6295045614243,2
330,16040.0,5,580.2152913808823,2
331,16165.5,5,574.8010774850845,2
332,32.5,3,44.87005686759949,2
333,32.5,4,38.04163038730621,2
334,20.5,3,28.3847758769989,2
335,1.0,4,4.0,2
336,21179.0,5,670.5828214883804,2
337,21157.0,5,677.0681028366089,2
338,21156.0,5,677.89652967453,2
339,21176.0,5,671.4112486839294,2
340,4.0,4,8.0,2
341,4.0,4,8.0,2
342,19.0,6,25.313708186149597,2
343,1.0,4,4.0,2
344,1599.0,8,1356.8224991559982,2
345,1570.5,8,1365.4082847833633,2
346,1578.0,8,1363.9940719604492,2
347,1592.0,8,1356.8224992752075,2
348,1471.0,8,1297.283392906189,2
349,1464.0,8,1291.2833926677704,2
350,1475.5,8,1289.040751695633,2
351,1481.5,8,1295.04075217247,2
352,24214.5,5,736.8843364715576,2
353,24242.5,6,736.0559099912643,2
354,24242.5,6,734.8843370676041,2
355,24213.5,6,736.8843364715576,2
356,380.5,2,507.49747383594513,3
357,348.5,2,505.9827550649643,3
358,380.5,2,507.49747383594513,3
359,348.5,2,505.9827550649643,3
360,512.0,2,582.5685415267944,3
361,530.0,2,579.7401144504547,3
362,530.0,2,579.7401144504547,3
363,512.0,2,582.5685415267944,3
364,323.5,2,500.811182141304,3
365,320.0,2,500.2253956794739,3
366,320.0,2,500.2253956794739,3
367,323.5,2,500.811182141304,3
368,456.0,2,555.3969686031342,3
369,375.0,2,564.2253956794739,3
370,374.0,2,563.3969686031342,3
371,434.5,2,557.9827550649643,3
372,316.0,2,616.0243852138519,3
373,363.0,2,612.3675310611725,3
374,364.0,2,611.5391039848328,3
375,318.0,2,615.1959581375122,3
376,267.5,2,441.8406196832657,3
377,300.0,2,440.7695519924164,3
378,300.0,2,440.7695519924164,3
379,267.5,2,441.8406196832657,3
380,258.5,2,477.01219260692596,3
381,229.0,2,481.7401144504547,3
382,231.0,2,481.7401144504547,3
383,258.5,2,477.01219260692596,3
384,448.5,2,461.3553384542465,3
385,421.0,2,459.11269783973694,3
386,425.0,2,459.94112491607666,3
387,440.0,2,460.7695519924164,3
388,298.5,2,531.4974738359451,3
389,294.0,2,532.4264061450958,3
390,294.0,2,532.4264061450958,3
391,306.5,2,531.4974738359451,3
392,346.0,2,457.11269783973694,3
393,326.5,2,453.3553384542465,3
394,326.5,2,453.3553384542465,3
395,346.0,2,457.11269783973694,3
396,359.0,2,296.08326029777527,3
397,324.0,2,296.911687374115,3
398,324.5,2,296.32590079307556,3
399,358.0,2,296.08326029777527,3
400,150.5,2,326.18376553058624,3
401,169.0,2,323.5979790687561,3
402,167.5,2,325.01219260692596,3
403,150.0,2,327.5979790687561,3
404,249.0,2,306.7695519924164,3
405,261.0,2,305.11269783973694,3
406,237.0,2,305.94112491607666,3
407,247.0,2,306.7695519924164,3
408,263.5,2,333.8406196832657,3
409,223.5,2,338.32590091228485,3
410,221.5,2,337.49747383594513,3
411,262.5,2,333.01219260692596,3
412,203.0,2,296.911687374115,3
413,201.0,2,297.25483322143555,3
414,198.0,2,295.5979790687561,3
415,199.0,2,296.08326029777527,3
416,328.0,2,335.94112491607666,3
417,306.0,2,335.5979790687561,3
418,312.0,2,335.5979790687561,3
419,330.5,2,337.3553384542465,3
420,325.0,2,347.8822498321533,3
421,305.0,2,346.71067690849304,3
422,306.0,2,345.8822498321533,3
423,325.0,2,347.0538227558136,3
424,118.5,2,275.6984843015671,3
425,118.5,2,276.5269113779068,3
426,117.5,2,275.6984843015671,3
427,115.5,2,274.87005722522736,3
428,165.0,2,298.4264061450958,3
429,187.5,2,300.18376553058624,3
430,186.5,2,299.3553384542465,3
431,159.5,2,298.18376553058624,3
432,228.5,2,275.6984843015671,3
433,231.5,2,276.04163014888763,3
434,223.5,2,274.87005722522736,3
435,230.0,2,276.2842707633972,3
436,663.5,2,439.25187265872955,3
437,665.0,2,440.6660863161087,3
438,662.0,2,441.0092315673828,3
439,661.0,2,439.00923228263855,3
440,502.5,2,412.3157947063446,3
441,499.0,2,410.90158116817474,3
442,495.5,2,411.1442217826843,3
443,499.5,2,413.1442219018936,3
444,420.5,2,388.37467074394226,3
445,3.5,5,7.414213538169861,3
446,3.0,5,6.828427076339722,3
447,421.0,2,388.9604569673538,3
448,314.5,2,416.9533175230026,3
449,316.5,2,416.9533175230026,3
450,313.5,2,414.9533175230026,3
451,318.0,2,415.53910398483276,3
452,575.0,2,448.7838325500488,3
453,575.0,2,449.6122599840164,3
454,578.0,2,448.7838318347931,3
455,579.0,2,448.78383207321167,3
456,559.0,2,386.7695519924164,3
457,548.0,2,385.11269783973694,3
458,548.0,2,385.11269783973694,3
459,559.0,2,386.7695519924164,3
460,668.0,2,494.08326029777527,3
461,653.5,2,498.811182141304,3
462,646.5,2,498.811182141304,3
463,669.0,2,494.08326029777527,3
464,761.0,2,534.911687374115,3
465,745.0,2,535.7401144504547,3
466,746.0,2,536.5685415267944,3
467,763.0,2,535.7401144504547,3
468,790.0,2,551.3969686031342,3
469,754.0,2,553.8822498321533,3
470,755.0,2,554.710676908493,3
471,792.0,2,552.2253956794739,3
472,541.0,2,409.55338847637177,3
473,541.0,2,409.55338847637177,3
474,540.0,2,408.7249609231949,3
475,537.0,2,407.55338847637177,3
476,4.0,4,8.0,4
477,4.0,4,8.0,4
478,3.0,5,6.828427076339722,4
479,130.0,2,221.5979790687561,4
480,369.0,2,280.6274166107178,4
481,891.5,6,1273.3208484649658,4
482,310.0,2,288.6274166107178,4
483,306.0,2,283.4558436870575,4
484,242.0,2,365.7401144504547,4
485,698.0,6,1306.4507913589478,4
486,988.0,8,1680.534051656723,4
487,39615.0,4,854.9949476718903,4
488,1064.0,8,1570.8771975040436,4
489,960.0,8,1575.705624461174,4
490,1024.0,8,1576.3919162750244,4
491,1053.0,8,1579.2203433513641,4
492,167.0,2,381.5979790687561,4
493,381.0,2,361.39696860313416,4
494,301.0,2,399.25483322143555,4
495,365.0,2,349.25483322143555,4
496,317.0,2,345.39696860313416,4
497,48.5,2,59.071067690849304,4
498,55.0,2,68.48528122901917,4
499,318.5,2,339.9827550649643,4
500,1398.5,8,1860.5756818056107,4
501,1347.5,8,1861.747254729271,4
502,1310.5,8,1859.7472544908524,4
503,1376.5,8,1856.575681567192,4
504,313.0,2,335.7401144504547,4
505,342.0,2,332.08326029777527,4
506,893.5,6,1228.3502861261368,4
507,317.0,2,334.911687374115,4
508,275.0,2,354.7695519924164,4
509,277.5,2,355.3553384542465,4
510,72.0,3,66.48528122901917,4
511,261.0,2,356.4264061450958,4
512,319.5,2,341.49747383594513,4
513,818.0,6,1340.793937087059,4
514,1130.5,8,1689.605119228363,4
515,1097.0,8,1695.1614681482315,4
516,22067.0,4,673.0538227558136,4
517,21949.5,4,684.1248904466629,4
518,21905.5,4,686.9533175230026,4
519,22023.0,4,676.710676908493,4
520,28721.5,4,798.9533175230026,4
521,28694.5,4,799.7817445993423,4
522,28710.5,4,795.7817445993423,4
523,28740.0,4,795.5391039848328,4
524,19635.5,4,666.6101715564728,4
525,19644.0,4,662.0243852138519,4
526,19608.0,4,665.6812393665314,4
527,19594.0,4,671.6812393665314,4
528,13080.0,5,549.8822495937347,4
529,13065.0,4,554.3675308227539,4
530,13123.5,4,544.4680359363556,4
531,13137.0,5,540.5685412883759,4
532,3.0,5,6.828427076339722,4
533,3.0,5,6.828427076339722,4
534,11506.0,4,521.8822498321533,4
535,3.0,5,6.828427076339722,4
536,19668.5,4,684.6101715564728,4
537,1312.5,8,1277.6639943122864,4
538,1310.0,7,1279.5634891986847,4
539,19605.0,4,690.1665205955505,4
540,1296.0,8,1371.906634926796,4
541,1238.5,8,1373.6639944314957,4
542,1209.5,8,1379.320848584175,4
543,1267.5,8,1375.8061298131943,4
544,1038.0,8,1103.4213535785675,4
545,1037.5,8,1102.007140159607,4
546,1050.5,8,1099.8650048971176,4
547,15397.0,4,586.710676908493,4
548,15089.0,4,581.1959581375122,4
549,15225.5,4,576.9533174037933,4
550,15205.0,4,577.5391039848328,4
551,15068.5,4,580.6101716756821,4
552,13991.5,4,563.0954526662827,4
553,14050.5,4,550.6101715564728,4
554,14026.5,4,552.2670258283615,4
555,13995.5,4,567.5807341337204,4
556,264.5,2,461.63960921764374,4
557,266.0,2,456.2253956794739,4
558,732.5,6,982.3502861261368,4
559,267.0,2,461.8822498321533,4
560,849.0,8,1089.64674949646,4
561,837.0,8,1084.8183224201202,4
562,809.5,8,1091.0609630346298,4
563,852.5,8,1093.0609630346298,4
564,187.5,2,327.3553384542465,4
565,291.5,6,278.8111820220947,4
566,146.5,2,170.04163014888763,4
567,315.5,4,266.46803617477417,4
568,7882.0,4,441.0538227558136,4
569,7922.5,4,436.811182141304,4
570,7886.5,4,441.63960909843445,4
571,7857.5,4,445.63960921764374,4
572,16198.5,4,649.5807341337204,4
573,16073.0,4,646.9949476718903,4
574,16091.5,4,644.4091612100601,4
575,16221.0,4,646.9949476718903,4
576,17597.5,4,653.5218589305878,4
577,1076.0,8,1247.3868638277054,4
578,17541.0,4,658.2497808933258,4
579,17584.0,4,652.9360725879669,4
580,11665.5,4,557.0365778207779,4
581,11700.0,4,554.4507913589478,4
582,11703.0,4,554.4507912397385,4
583,11671.5,4,557.0365777015686,4
584,538.5,4,560.8355672359467,4
585,539.0,4,561.4213536977768,4
586,469.5,4,605.5218590497971,4
587,478.5,4,606.3502861261368,4
588,670.5,2,631.5807341337204,4
589,1250.5,8,1474.0315254926682,4
590,1316.5,8,1467.2030984163284,4
591,1429.5,8,1458.7178171873093,4
592,99.5,3,100.04163014888763,4
593,62.5,3,82.38477599620819,4
594,5.0,5,8.828427076339722,4
595,190.0,4,247.94112491607666,4
596,23938.0,4,649.8031650781631,5
597,23942.0,4,648.9747377634048,5
598,23940.0,4,648.9747384786606,5
599,23942.0,4,649.8031647205353,5
600,22935.0,4,637.945302605629,5
601,22939.5,4,638.1879434585571,5
602,22945.0,4,637.9453037977219,5
603,22940.0,4,637.1168758869171,5
604,19777.0,4,597.3767580986023,5
605,19785.5,4,596.7909722328186,5
606,19784.5,4,596.7909715175629,5
607,19774.5,4,594.7909715175629,5
608,19198.0,4,601.376760840416,5
609,1604.5,8,1145.0550357103348,5
610,1606.0,8,1145.6408227682114,5
611,19203.0,4,601.3767610788345,5
612,18561.0,4,587.0336135625839,5
613,18564.0,4,586.6904652118683,5
614,18568.0,4,586.6904654502869,5
615,18564.0,4,587.0336130857468,5
616,15656.0,4,562.3229370117188,5
617,15650.5,4,562.9087229967117,5
618,15651.5,4,563.7371499538422,5
619,15655.0,4,563.1513640880585,5
620,412.0,2,313.9898943901062,5
621,981.0,6,820.9402495622635,5
622,17.0,4,25.313708305358887,5
623,2.0,4,6.0,5
624,234.5,2,204.1492749452591,5
625,234.5,2,204.14927470684052,5
626,236.5,2,204.14927470684052,5
627,236.5,2,204.14927470684052,5
628,1063.0,8,834.1706955432892,5
629,1058.5,8,836.4133361577988,5
630,1066.0,8,837.8275499343872,5
631,1067.0,8,836.170695900917,5
632,1518.5,8,1293.363693356514,5
633,1516.0,8,1291.949481010437,5
634,1521.5,8,1292.5352666378021,5
635,1533.5,8,1295.3636920452118,5
636,23799.0,4,714.0041761398315,5
637,23825.5,4,713.4183894395828,5
638,23836.5,4,711.4183897972107,5
639,23817.5,4,711.4183895587921,5
640,20769.0,4,641.6366428136826,5
641,20761.0,4,641.6366426944733,5
642,20755.5,4,642.222429394722,5
643,20769.5,4,642.2224292755127,5
644,21989.5,4,663.4183878898621,5
645,21951.0,4,665.1757479906082,5
646,21921.0,4,660.8326013088226,5
647,21953.0,4,660.8326028585434,5
648,24551.5,4,729.8204089403152,5
649,24593.5,4,729.4772629737854,5
650,24590.5,4,730.6488350629807,5
651,24552.5,4,729.8204079866409,5
652,17404.5,4,591.5361400842667,5
653,17393.0,4,590.1219261884689,5
654,17391.0,4,592.1219254732132,5
655,17405.0,4,594.1219259500504,5
656,1952.0,9,1341.0966659784317,5
657,23966.0,4,712.1463122367859,5
658,23970.5,4,711.5605257749557,5
659,1963.0,8,1341.0966665744781,5
660,0.0,2,2.8284270763397217,5
661,79.0,2,89.88225150108337,5
662,74.5,2,92.46803784370422,5
663,80.5,2,91.2964655160904,5
664,13412.5,5,631.796024441719,5
665,13406.0,5,630.3818113803864,5
666,13408.5,5,629.796024441719,5
667,13416.5,5,630.6244513988495,5
668,1789.5,8,1263.221559047699,5
669,22060.5,4,675.0163717269897,5
670,22054.5,4,673.8447976112366,5
671,1781.0,8,1262.635773897171,5
672,18085.5,4,581.3351316452026,5
673,18088.0,4,580.7493451833725,5
674,18090.0,4,581.5777721405029,5
675,18081.0,4,580.7493447065353,5
676,33.5,3,36.041629791259766,5
677,9.5,6,13.071067571640015,5
678,9.5,6,13.071067571640015,5
679,33.0,3,36.627416491508484,5
680,20248.5,4,744.7422015666962,5
681,20207.0,4,748.0142794847488,5
682,1375.0,8,1405.744290113449,5
683,655.0,4,691.1858526468277,5
684,9380.5,4,475.0609612464905,5
685,9435.5,4,470.7178155183792,5
686,9438.0,4,470.4751764535904,5
687,9412.5,4,469.4041087627411,5
688,7717.5,4,467.4041098356247,5
689,7754.5,4,462.57568287849426,5
690,7739.0,4,462.818323969841,5
691,7717.0,4,466.47517800331116,5
692,11128.5,4,554.575684428215,5
693,10991.5,4,558.2325384616852,5
694,10986.5,4,557.0609654188156,5
695,11128.0,4,555.1614708900452,5
696,13993.0,4,580.7594466209412,5
697,13861.5,4,584.658941745758,5
698,13860.5,4,585.4873683452606,5
699,13992.0,4,578.7594470977783,5
700,211.5,2,196.14927792549133,5
701,208.0,2,196.73506474494934,5
702,207.0,2,196.73506438732147,5
703,212.0,2,195.56349194049835,5
704,12542.0,4,580.0731574296951,5
705,12634.5,4,577.1442246437073,5
706,12651.0,4,572.9015843868256,5
707,12526.0,4,575.7300122976303,5
708,1185.0,8,1152.2640616893768,5
709,1204.5,8,1155.3351308107376,5
710,1200.5,7,1152.506704211235,5
711,1160.5,8,1151.6782757043839,5
712,357.0,4,395.3380936384201,5
713,1215.0,7,1152.0041731595993,5
714,1225.0,7,1154.3473187685013,5
715,359.0,4,397.3380937576294,5
716,204.0,2,245.11269783973694,6
717,811.0,6,772.9949476718903,6
718,1019.0,8,1032.1076455116272,6
719,1025.5,8,1025.8650048971176,6
720,216.0,2,268.08326029777527,6
721,696.0,6,817.4802289009094,6
722,210.0,2,268.4264061450958,6
723,210.0,2,268.4264061450958,6
724,790.5,8,1082.9188276529312,6
725,818.5,8,1082.0904005765915,6
726,896.0,8,1082.6761869192123,6
727,876.5,8,1080.918827533722,6
728,16190.0,4,542.0243852138519,6
729,16189.5,4,537.7817445993423,6
730,16290.5,4,532.9533175230026,6
731,16284.0,4,537.1959581375122,6
732,1011.0,8,1121.4213536977768,6
733,966.0,8,1125.421353816986,6
734,935.0,8,1126.2497808933258,6
735,957.0,8,1123.7644996643066,6
736,802.5,6,967.722869515419,6
737,214.5,2,280.6690467596054,6
738,214.5,2,280.6690467596054,6
739,210.0,2,280.4264061450958,6
740,275.0,2,271.94112491607666,6
741,251.0,2,272.2842707633972,6
742,566.5,4,661.0954529047012,6
743,231.5,2,322.5269113779068,6
744,829.0,8,1268.4751765727997,6
745,330.0,4,641.6812393665314,6
746,483.5,4,618.5512965917587,6
747,860.5,8,1267.0609630346298,6
748,305.5,2,309.9827550649643,6
749,682.0,6,820.5096664428711,6
750,317.0,2,308.911687374115,6
751,318.0,2,308.911687374115,6
752,1405.0,8,1012.3086559772491,6
753,1414.5,8,1012.5512965917587,6
754,1406.0,8,1015.9655101299286,6
755,15612.0,4,528.2253956794739,6
756,13638.0,4,602.1665205955505,6
757,13620.0,4,600.9949476718903,6
758,13613.0,4,597.3380935192108,6
759,13634.0,4,598.5096664428711,6
760,12243.0,4,498.85281205177307,6
761,12221.0,4,501.1959581375122,6
762,12150.0,4,508.02438521385193,6
763,12192.5,4,503.4385986328125,6
764,389.5,2,277.01219260692596,6
765,23.5,4,47.899494767189026,6
766,408.0,3,316.08326029777527,6
767,5.0,5,8.828427076339722,6
768,15764.0,4,615.6812392473221,6
769,15668.0,4,622.9949474334717,6
770,15661.5,4,620.7523068189621,6
771,15760.0,4,612.8528119325638,6
772,13684.0,4,539.5391039848328,6
773,13630.5,4,543.7817445993423,6
774,13694.0,4,535.8822498321533,6
775,13746.0,4,531.0538227558136,6
776,13979.0,4,517.3969686031342,6
777,14010.0,4,523.0538227558136,6
778,14056.0,4,523.0538227558136,6
779,13994.0,4,520.2253956794739,6
780,14317.0,4,512.911687374115,6
781,14270.0,4,515.7401144504547,6
782,14250.5,4,518.811182141304,6
783,14291.0,4,516.2253955602646,6
784,16497.5,4,587.9238798618317,6
785,16413.5,4,589.4385987520218,6
786,16320.0,4,597.3380935192108,6
787,16404.5,4,596.7523070573807,6
788,923.0,8,984.3086558580399,6
789,859.0,8,988.793937087059,6
790,891.0,8,989.9655100107193,6
791,955.5,8,986.0660152435303,6
792,7572.5,4,366.9533175230026,6
793,7591.0,4,366.3675310611725,6
794,7584.0,4,367.53910398483276,6
795,7568.0,4,366.3675310611725,6
796,239.5,2,264.46803629398346,6
797,835.0,6,836.6761870384216,6
798,18165.0,4,571.7644996643066,6
799,1094.0,8,1106.073155760765,6
800,1237.0,8,1471.5878744125366,6
801,1250.0,8,1475.3868639469147,6
802,1268.0,8,1473.7300097942352,6
803,1282.5,8,1468.1736608743668,6
804,172.0,2,198.08326029777527,6
805,178.5,2,197.8406196832657,6
806,793.0,8,909.3624786138535,6
807,811.0,8,910.1909056901932,6
808,13316.5,4,532.4091612100601,6
809,13255.5,4,538.0660153627396,6
810,13272.0,4,538.6518018245697,6
811,13322.0,4,531.82337474823,6
812,1056.0,8,1126.8183221817017,6
813,1014.0,8,1134.4751765727997,6
814,1009.5,8,1136.2325357198715,6
815,1056.0,8,1125.1614682674408,6
816,13263.0,4,512.7939372062683,6
817,13269.5,4,510.5512965917587,6
818,13263.5,4,508.5512965917587,6
819,13259.5,4,510.20815074443817,6
820,11447.0,4,479.3380934000015,6
821,11508.0,4,471.6812392473221,6
822,11567.0,4,466.85281217098236,6
823,11511.5,4,475.09545278549194,6
824,22386.5,4,660.835567355156,6
825,22335.5,4,669.6639943122864,6
826,22357.5,4,670.4924215078354,6
827,22388.5,4,664.4924215078354,6
828,15876.5,4,551.1787132024765,6
829,15901.0,4,547.7644996643066,6
830,15909.5,4,548.3502861261368,6
831,15897.5,4,550.3502861261368,6
832,23815.0,4,762.877197265625,7
833,23972.5,4,756.6345566511154,7
834,23880.0,4,760.0487703084946,7
835,23716.0,4,765.7056243419647,7
836,1505.0,6,1479.009230017662,7
837,1479.5,8,1474.281309247017,7
838,1505.5,8,1471.4528821706772,7
839,1533.0,6,1475.3523774147034,7
840,31.5,3,34.041629910469055,7
841,352.0,4,320.08326029777527,7
842,255.5,4,293.0954524278641,7
843,95.5,2,105.29646289348602,7
844,18.0,4,22.0,7
845,18.0,4,22.0,7
846,4.0,4,8.0,7
847,18.0,4,22.0,7
848,23266.5,4,686.6345566511154,7
849,23288.5,4,675.8061295747757,7
850,23194.5,4,677.4629837274551,7
851,23170.5,4,687.4629838466644,7
852,11.0,3,34.485281229019165,7
853,75.5,2,89.89949476718903,7
854,11.0,3,34.485281229019165,7
855,481.5,4,572.4680362939835,7
856,29417.5,4,851.2619735002518,7
857,29491.0,4,849.5046141147614,7
858,29199.0,4,845.5046141147614,7
859,29124.5,4,847.2619735002518,7
860,27.5,3,43.899494767189026,7
861,38.5,2,156.3847759962082,7
862,32.5,2,157.2132030725479,7
863,26.5,2,42.72792184352875,7
864,1093.5,8,1081.8549025058746,7
865,1090.0,8,1084.0975425243378,7
866,1113.0,8,1081.612261891365,7
867,73.5,2,101.21320307254791,7
868,1101.0,8,1384.9259675741196,7
869,1139.5,8,1384.5411915779114,7
870,194.0,2,371.25483322143555,7
871,186.0,2,364.911687374115,7
872,52.0,2,66.48528122901917,7
873,35.0,3,42.485281229019165,7
874,40.0,3,42.485281229019165,7
875,125.0,2,138.97056245803833,7
876,24094.5,4,766.9432110786438,7
877,24274.0,4,755.8721432685852,7
878,1324.5,8,1466.874230146408,7
879,1349.5,8,1455.7026572227478,7
880,3.5,5,7.414213538169861,7
881,3.5,5,7.414213538169861,7
882,4.0,4,8.0,7
883,4.0,4,8.0,7
884,13954.5,4,659.9482644796371,7
885,14008.5,4,660.7766914367676,7
886,14029.0,4,660.1909050941467,7
887,13966.5,4,660.7766913175583,7
888,10280.0,4,509.5046135187149,7
889,10061.0,4,530.8183214664459,7
890,10061.0,4,529.9898947477341,7
891,10282.0,4,508.6761863231659,7
892,11337.5,4,584.5756826400757,7
893,11544.0,4,569.8477615118027,7
894,11491.5,4,569.2619744539261,7
895,11295.0,4,585.1614691019058,7
896,11866.5,4,550.6934319734573,7
897,11949.0,4,539.622364282608,7
898,11877.0,4,541.6223641633987,7
899,11791.0,4,553.2792183160782,7
900,16126.0,4,658.2497808933258,7
901,16174.5,4,653.3208484649658,7
902,16232.0,4,652.735062122345,7
903,16165.0,4,659.0782079696655,7
904,9.0,5,12.828427076339722,7
905,9.0,5,12.828427076339722,7
906,11.5,5,13.41421353816986,7
907,11.5,5,13.41421353816986,7
908,7786.5,4,435.03657615184784,7
909,7901.5,4,431.03657841682434,7
910,7958.5,4,430.2081505060196,7
911,7841.5,4,434.2081489562988,7
912,1338.5,6,1463.7615344524384,7
913,1335.5,6,1462.246815919876,7
914,1313.0,6,1465.6610288619995,7
915,1333.5,6,1463.761534333229,7
916,9961.5,4,581.4629837274551,7
917,10137.0,4,568.0487701892853,7
918,10137.0,4,568.3919160366058,7
919,9989.5,4,576.977702498436,7
920,170.0,2,213.11269783973694,7
921,0.0,1,0.0,7
922,54.0,2,96.97056245803833,7
923,5.0,6,8.828427076339722,7
924,23.0,7,21.656854152679443,7
925,90.5,2,117.55634891986847,7
926,89.0,2,117.31370830535889,7
927,296.5,2,231.4629830121994,7
928,18258.5,4,717.62950527668,7
929,18306.0,4,716.2152916193008,7
930,18300.0,4,717.3868644237518,7
931,1545.5,6,1347.4183902740479,7
932,0.0,2,2.0,7
933,9.5,6,12.242640614509583,7
934,117.5,2,160.40916049480438,7
935,100.0,2,119.19595742225647,7
936,22.0,3,38.97056233882904,7
937,196.5,4,237.72286915779114,7
938,7.5,5,11.41421353816986,7
939,33.5,2,62.870057106018066,7
940,7.5,7,18.242640614509583,7
941,123.5,5,160.5269113779068,7
942,133.0,5,159.5979790687561,7
943,6.0,8,16.82842707633972,7
944,16680.5,4,667.286357998848,7
945,16757.5,4,666.114785194397,7
946,16771.5,4,665.2863578796387,7
947,16692.5,4,666.4579306840897,7
948,1604.0,7,1431.342267870903,7
949,1616.5,7,1429.9280545711517,7
950,1624.5,7,1429.9280545711517,7
951,1608.0,7,1431.3422681093216,7
952,27553.5,3,794.5655744075775,8
953,27893.5,3,781.5950118303299,8
954,1488.5,6,1514.3199672698975,8
955,27560.5,3,792.9087197780609,8
956,26848.5,3,789.5950129032135,8
957,27185.0,3,774.1807991266251,8
958,27189.0,3,774.1807990074158,8
959,26855.5,3,790.4234396219254,8
960,19047.0,3,699.8721451759338,8
961,19235.5,3,689.6295045614243,8
962,19274.0,3,689.0437180995941,8
963,19084.5,3,699.2863587141037,8
964,18073.0,3,687.0437170267105,8
965,18256.0,3,677.8721441030502,8
966,18413.5,3,673.2863576412201,8
967,18225.0,3,681.8721438646317,8
968,1660.5,8,1418.0844731330872,8
969,1653.5,8,1422.4276171922684,8
970,1659.5,8,1425.599190711975,8
971,1662.0,8,1415.8418320417404,8
972,16879.0,3,706.0142802000046,8
973,16999.5,3,702.2569209337234,8
974,16945.5,3,701.4284937381744,8
975,16824.0,3,705.1858530044556,8
976,17776.5,3,673.9726501703262,8
977,17950.0,3,668.5584366321564,8
978,17895.5,3,668.3157961368561,8
979,17719.5,3,673.1442232131958,8
980,18310.5,3,655.1442227363586,8
981,18415.5,3,657.1442226171494,8
982,18454.0,3,653.7300093173981,8
983,18347.0,3,651.7300091981888,8
984,20210.0,3,700.0142797231674,8
985,20397.0,3,689.185852766037,8
986,20475.0,3,689.185852766037,8
987,20276.5,3,701.4284933805466,8
988,599.0,4,567.0782078504562,8
989,857.0,4,738.4650713205338,8
990,0.0,1,0.0,8
991,1.0,4,4.0,8
992,13351.5,3,589.6295051574707,8
993,13641.5,3,581.972650885582,8
994,13624.0,3,581.3868645429611,8
995,13330.0,3,590.2152916193008,8
996,4.0,4,8.0,8
997,4.0,4,8.0,8
998,3.5,5,7.414213538169861,8
999,2.0,4,6.0,8
1000,1339.0,8,1011.3178826570511,8
1001,1339.0,8,1013.3178827762604,8
1002,1327.5,8,1015.5605231523514,8
1003,1334.5,8,1013.9036691188812,8
1004,7.0,5,10.828427076339722,8
1005,7.0,5,10.828427076339722,8
1006,7.0,5,10.828427076339722,8
1007,7.0,5,10.828427076339722,8
1008,13394.0,3,621.61225938797,8
1009,13672.0,3,605.4701243638992,8
1010,13677.5,3,604.8843380212784,8
1011,13397.5,3,621.0264729261398,8
1012,1320.5,6,989.4772664308548,8
1013,36.0,5,34.14213526248932,8
1014,33.5,4,31.55634880065918,8
1015,32.5,5,33.55634880065918,8
1016,7509.0,3,458.96045756340027,8
1017,7314.5,3,464.37467098236084,8
1018,7323.0,3,462.96045899391174,8
1019,7517.0,3,458.13203036785126,8
1020,7912.5,3,457.06096291542053,8
1021,7994.5,3,457.88938999176025,8
1022,8009.0,3,457.3036035299301,8
1023,7925.0,3,456.4751764535904,8
1024,5927.5,3,474.0903995037079,8
1025,6132.0,3,462.19090461730957,8
1026,6173.0,3,458.5340505838394,8
1027,5977.0,3,469.01933193206787,8
1028,6086.0,3,482.8183218240738,8
1029,6276.5,3,475.0609632730484,8
1030,6329.5,3,476.23253548145294,8
1031,6127.5,3,482.2325357198715,8
1032,0.0,1,0.0,8
1033,4.0,4,8.0,8
1034,4.0,4,8.0,8
1035,1.0,4,4.0,8
1036,10698.5,3,509.88938987255096,8
1037,10806.5,3,509.88938999176025,8
1038,10561.0,3,529.7888851165771,8
1039,10453.0,3,529.7888852357864,8
1040,1.0,7,8.828427076339722,8
1041,44.5,2,51.355337738990784,8
1042,44.0,3,52.7695517539978,8
1043,3.5,8,10.242640614509583,8
1044,11213.5,3,533.2274823188782,8
1045,11143.0,3,531.8132691383362,8
1046,11135.5,3,531.2274829149246,8
1047,11205.5,3,533.2274825572968,8
1048,41.5,3,50.870057106018066,8
1049,73.0,2,101.74011445045471,8
1050,1428.0,6,1117.6021535396576,8
1051,1414.0,6,1118.0874353647232,8
1052,71.0,5,55.31370830535889,8
1053,77.5,5,56.72792184352875,8
1054,3.0,5,6.828427076339722,8
1055,3.0,5,6.828427076339722,8
1056,14004.0,3,660.7249583005905,8
1057,14353.5,3,641.9970364570618,8
1058,14361.0,3,642.2396776676178,8
1059,14010.0,3,661.5533851385117,8
1060,14807.0,3,706.2396759986877,8
1061,14811.0,3,705.411248922348,8
1062,14813.0,3,705.4112483263016,8
1063,14809.0,3,706.239675283432,8
1064,456.5,2,358.11478340625763,8
1065,460.0,2,358.35742449760437,8
1066,863.0,4,776.1564146280289,8
1067,879.0,4,777.3279871940613,8
1068,1439.0,6,1135.6265386343002,8
1069,1423.5,6,1138.6976064443588,8
1070,1401.0,6,1141.2833923101425,8
1071,940.0,4,791.8965300321579,8
