,Altura,Largura,Perimetro,Area,N_vertices,Class
0,300,300,646.3990559577942,28749.5,6,0
1,300,300,646.3990556001663,28748.5,6,0
2,300,300,647.2274825572968,28751.5,6,0
3,300,300,647.2274825572968,28751.5,6,0
4,300,300,1175.8275504112244,700.0,7,0
5,300,300,1175.2417633533478,700.5,7,0
6,300,300,1175.2417633533478,697.5,7,0
7,300,300,1175.2417639493942,699.5,9,0
8,300,300,20.14213538169861,3.0,2,0
9,300,300,20.14213538169861,3.0,2,0
10,300,300,13.313708186149597,3.0,3,0
11,300,300,13.313708186149597,3.0,3,0
12,300,300,157.88224959373474,36.0,4,0
13,300,300,157.88224959373474,36.0,4,0
14,300,300,6.828427076339722,1.0,5,0
15,300,300,6.828427076339722,1.0,5,0
16,300,300,141.82337486743927,57.0,4,0
17,300,300,10.0,0.0,2,0
18,300,300,7.414213538169861,2.5,4,0
19,300,300,157.37972486019135,80.5,3,0
20,300,300,1361.6925529241562,761.5,8,0
21,300,300,1361.106766819954,767.0,8,0
22,300,300,1361.935194015503,767.0,8,0
23,300,300,1362.520980477333,765.5,8,0
24,300,300,2.0,0.0,2,0
25,300,300,2.0,0.0,2,0
26,300,300,17.656854152679443,3.0,3,0
27,300,300,8.828427076339722,2.0,5,0
28,300,300,152.61017096042633,56.5,4,0
29,300,300,8.828427076339722,2.0,5,0
30,300,300,8.828427076339722,2.0,5,0
31,300,300,4.0,0.0,2,0
32,300,300,21.313708305358887,5.0,3,0
33,300,300,21.313708305358887,5.0,3,0
34,300,300,6.0,0.0,2,0
35,300,300,4.0,0.0,2,0
36,300,300,2.8284270763397217,0.0,2,0
37,300,300,2.8284270763397217,0.0,2,0
38,300,300,52.97056245803833,12.0,2,0
39,300,300,16.82842707633972,6.0,4,0
40,300,300,15.313708305358887,1.0,6,0
41,300,300,15.313708305358887,1.0,6,0
42,300,300,15.313708305358887,1.0,6,0
43,300,300,15.313708305358887,1.0,6,0
44,300,300,0.0,0.0,1,0
45,300,300,2.0,0.0,2,0
46,300,300,2.0,0.0,2,0
47,300,300,2.0,0.0,2,0
48,300,300,579.3696184158325,426.5,7,0
49,300,300,579.9554048776627,425.0,7,0
50,300,300,579.9554055929184,427.0,7,0
51,300,300,579.9554055929184,426.0,7,0
52,300,300,635.1858533620834,461.0,8,0
53,300,300,635.1858533620834,462.0,7,0
54,300,300,635.1858533620834,458.0,8,0
55,300,300,635.1858533620834,460.0,7,0
56,300,300,5.414213538169861,1.5,4,0
57,300,300,5.414213538169861,1.5,4,0
58,300,300,286.69343280792236,178.5,7,0
59,300,300,322.43354749679565,268.5,4,0
60,300,300,645.8548994064331,549.5,9,0
61,300,300,645.8548995256424,547.5,8,0
62,300,300,645.8548994064331,550.5,9,0
63,300,300,645.8548994064331,548.5,8,0
64,300,300,718.3818109035492,503.0,7,0
65,300,300,718.3818106651306,500.0,8,0
66,300,300,717.7960240840912,499.5,7,0
67,300,300,717.7960240840912,500.5,8,0
68,300,300,652.2396745681763,504.0,7,0
69,300,300,652.2396745681763,504.0,8,0
70,300,300,652.2396745681763,504.0,7,0
71,300,300,652.2396745681763,505.0,8,0
72,300,300,14.828427076339722,6.0,4,0
73,300,300,14.828427076339722,6.0,4,0
74,300,300,70.5269113779068,39.5,4,0
75,300,300,70.52691125869751,40.5,4,0
76,300,300,509.10259306430817,378.0,5,0
77,300,300,509.10259318351746,377.0,5,0
78,300,300,508.27416598796844,376.0,5,0
79,300,300,541.0020872354507,433.5,6,0
80,300,300,242.551295876503,122.5,5,0
81,300,300,106.8111823797226,39.5,4,0
82,300,300,2.0,0.0,2,0
83,300,300,0.0,0.0,1,0
84,300,300,404.71781718730927,243.5,4,0
85,300,300,4.0,0.0,2,0
86,300,300,8.828427076339722,1.0,5,0
87,300,300,21.071067690849304,8.5,3,0
88,300,300,13.656854152679443,2.0,5,0
89,300,300,15.41421353816986,5.5,4,0
90,300,300,17.656854152679443,9.0,3,0
91,300,300,242.5512969493866,141.5,4,0
92,300,300,77.01219272613525,36.5,4,0
93,300,300,3.414213538169861,0.5,3,0
94,300,300,6.2426406145095825,1.5,4,0
95,300,300,2.0,0.0,2,0
96,300,300,0.0,0.0,1,0
97,300,300,114.71067678928375,50.0,4,0
98,300,300,185.96551144123077,75.0,4,0
99,300,300,6.0,2.0,4,0
100,300,300,411.7472548484802,179.5,6,0
101,300,300,2.0,0.0,2,0
102,300,300,7.414213538169861,2.5,4,0
103,300,300,190.81118214130402,94.5,4,0
104,300,300,61.597978591918945,26.0,2,0
105,300,300,8.828427076339722,2.0,5,0
106,300,300,23.899494767189026,9.5,4,0
107,300,300,2.8284270763397217,0.0,2,0
108,300,300,24.485281229019165,7.0,4,0
109,300,300,24.485281229019165,7.0,4,0
110,300,300,8.0,0.0,2,0
111,300,300,112.91168737411499,39.0,2,0
112,300,300,4.828427076339722,1.0,4,0
113,300,300,6.0,0.0,2,0
114,300,300,6.828427076339722,2.0,4,0
115,300,300,7.656854152679443,0.0,2,0
116,300,300,2.8284270763397217,0.0,2,0
117,300,300,2.8284270763397217,0.0,2,0
118,300,300,9.41421353816986,2.5,5,0
119,300,300,2.0,0.0,2,0
120,300,300,2.0,0.0,2,1
121,300,300,114.81118190288544,95.5,4,1
122,300,300,442.59292674064636,249.0,4,1
123,300,300,2.0,0.0,2,1
124,300,300,27.656854152679443,17.0,3,1
125,300,300,166.40916085243225,114.5,5,1
126,300,300,14.828427076339722,6.0,4,1
127,300,300,61.31370830535889,22.0,2,1
128,300,300,230.8355668783188,112.5,2,1
129,300,300,215.27921772003174,157.0,4,1
130,300,300,2.0,0.0,2,1
131,300,300,4.0,0.0,2,1
132,300,300,8.828427076339722,5.0,6,1
133,300,300,221.43859839439392,138.5,4,1
134,300,300,10.828427076339722,4.0,4,1
135,300,300,67.55634891986847,22.5,2,1
136,300,300,18.242640614509583,2.5,5,1
137,300,300,142.56854140758514,84.0,4,1
138,300,300,416.30865585803986,211.0,4,1
139,300,300,9.656854152679443,2.0,4,1
140,300,300,228.30865585803986,89.0,2,1
141,300,300,192.3086553812027,142.0,4,1
142,300,300,6.0,0.0,2,1
143,300,300,694.6416980028152,420.0,6,1
144,300,300,0.0,0.0,1,1
145,300,300,2.8284270763397217,0.0,2,1
146,300,300,8.828427076339722,1.0,6,1
147,300,300,0.0,0.0,1,1
148,300,300,161.39696860313416,44.0,2,1
149,300,300,11.071067571640015,3.5,5,1
150,300,300,17.071067690849304,4.5,6,1
151,300,300,9.071067571640015,1.5,3,1
152,300,300,269.8061298131943,192.5,4,1
153,300,300,270.3919162750244,192.0,4,1
154,300,300,14.828427076339722,4.0,4,1
155,300,300,14.828427076339722,4.0,4,1
156,300,300,49.65685415267944,17.0,2,1
157,300,300,24.242640614509583,6.5,3,1
158,300,300,300.3502856492996,131.5,4,1
159,300,300,289.84776079654694,148.0,5,1
160,300,300,2.8284270763397217,0.0,2,1
161,300,300,2.8284270763397217,0.0,2,1
162,300,300,280.10764622688293,219.0,4,1
163,300,300,884.624450802803,616.5,4,1
164,300,300,2.8284270763397217,0.0,2,1
165,300,300,0.0,0.0,1,1
166,300,300,0.0,0.0,1,1
167,300,300,2.8284270763397217,0.0,2,1
168,300,300,2.0,0.0,2,1
169,300,300,2.0,0.0,2,1
170,300,300,2.0,0.0,2,1
171,300,300,2.0,0.0,2,1
172,300,300,57.012192487716675,33.5,3,1
173,300,300,1394.2712020874023,1243.5,7,1
174,300,300,57.01219201087952,32.5,3,1
175,300,300,57.012192487716675,33.5,3,1
176,300,300,52.485281229019165,22.0,2,1
177,300,300,52.485281229019165,21.0,2,1
178,300,300,494.51680612564087,411.5,6,1
179,300,300,53.899494767189026,22.5,3,1
180,300,300,12.485281229019165,4.0,6,1
181,300,300,9.071067571640015,0.5,4,1
182,300,300,15.899494767189026,12.5,5,1
183,300,300,2.0,0.0,2,1
184,300,300,24.14213538169861,6.0,2,1
185,300,300,9.656854152679443,3.0,4,1
186,300,300,0.0,0.0,1,1
187,300,300,0.0,0.0,1,1
188,300,300,603.771639585495,455.5,4,1
189,300,300,16.0,7.0,4,1
190,300,300,16.0,7.0,4,1
191,300,300,6.828427076339722,3.0,6,1
192,300,300,1207.4844036102295,948.0,7,1
193,300,300,1208.3128306865692,951.0,7,1
194,300,300,1208.3128306865692,953.0,7,1
195,300,300,1206.6559764146805,946.0,7,1
196,300,300,8.0,3.0,4,1
197,300,300,290.24978041648865,287.0,4,1
198,300,300,8.0,3.0,4,1
199,300,300,8.0,3.0,4,1
200,300,300,91.31370830535889,23.0,2,1
201,300,300,15.899494767189026,4.5,4,1
202,300,300,8.242640614509583,3.5,6,1
203,300,300,45.79898953437805,10.0,2,1
204,300,300,17.313708305358887,4.0,3,1
205,300,300,4.828427076339722,1.0,3,1
206,300,300,2.0,0.0,2,1
207,300,300,10.485280990600586,3.0,4,1
208,300,300,42.485281229019165,16.0,2,1
209,300,300,39.69848418235779,19.5,3,1
210,300,300,7.414213538169861,0.5,4,1
211,300,300,10.485281229019165,1.0,2,1
212,300,300,0.0,0.0,1,1
213,300,300,0.0,0.0,1,1
214,300,300,10.828427076339722,4.0,4,1
215,300,300,41.55634891986847,10.5,2,1
216,300,300,38.14213538169861,6.0,2,1
217,300,300,5.414213538169861,1.5,4,1
218,300,300,3.414213538169861,0.5,3,1
219,300,300,2.0,0.0,2,1
220,300,300,18.0,0.0,2,1
221,300,300,27.798989295959473,6.0,2,1
222,300,300,2.0,0.0,2,1
223,300,300,31.455843210220337,15.0,3,1
224,300,300,4.0,0.0,2,1
225,300,300,0.0,0.0,1,1
226,300,300,41.65685415267944,17.0,2,1
227,300,300,6.828427076339722,2.0,4,1
228,300,300,5.414213538169861,1.5,4,1
229,300,300,2.8284270763397217,0.0,2,1
230,300,300,36.0,17.0,2,1
231,300,300,97.63960945606232,30.5,4,1
232,300,300,4.0,0.0,2,1
233,300,300,15.313708305358887,6.0,3,1
234,300,300,7.414213538169861,2.5,4,1
235,300,300,10.242640614509583,3.5,6,1
236,300,300,22.727921843528748,10.5,5,1
237,300,300,22.727921843528748,10.5,5,1
238,300,300,4.0,0.0,2,1
239,300,300,81.74011445045471,18.0,2,1
240,300,300,7.414213538169861,3.5,5,2
241,300,300,218.24977934360504,129.0,3,2
242,300,300,327.7401144504547,163.0,2,2
243,300,300,469.89652919769287,284.0,4,2
244,300,300,226.67618906497955,139.0,2,2
245,300,300,365.8477599620819,218.0,4,2
246,300,300,365.8477599620819,218.0,4,2
247,300,300,205.46298372745514,119.5,2,2
248,300,300,154.18376553058624,90.5,2,2
249,300,300,220.63455522060394,121.5,2,2
250,300,300,10.242640614509583,6.5,6,2
251,300,300,15.313708186149597,3.0,2,2
252,300,300,633.0508607625961,397.5,6,2
253,300,300,181.27921855449677,112.0,2,2
254,300,300,7.414213538169861,2.5,4,2
255,300,300,208.29141128063202,129.5,2,2
256,300,300,603.2102394104004,374.0,5,2
257,300,300,152.89444291591644,105.5,2,2
258,300,300,225.4558436870575,126.0,2,2
259,300,300,189.07820665836334,125.0,2,2
260,300,300,671.3107422590256,426.5,6,2
261,300,300,534.8183220624924,322.0,4,2
262,300,300,2.0,0.0,2,2
263,300,300,248.83556711673737,141.5,2,2
264,300,300,198.95331740379333,96.5,2,2
265,300,300,190.75230705738068,61.5,2,2
266,300,300,42.72792184352875,38.5,3,2
267,300,300,145.58073353767395,61.5,2,2
268,300,300,233.9827550649643,116.5,2,2
269,300,300,413.5878732204437,239.0,4,2
270,300,300,36.82842707633972,7.0,2,2
271,300,300,185.42135226726532,99.0,2,2
272,300,300,169.17871582508087,140.5,2,2
273,300,300,288.1076452732086,204.0,4,2
274,300,300,288.1076452732086,204.0,4,2
275,300,300,168.59292912483215,138.0,2,2
276,300,300,66.18376517295837,77.5,3,2
277,300,300,158.7695517539978,116.0,4,2
278,300,300,158.7695517539978,116.0,4,2
279,300,300,66.18376517295837,77.5,3,2
280,300,300,8.242640614509583,4.5,6,2
281,300,300,8.242640614509583,4.5,6,2
282,300,300,8.242640614509583,4.5,6,2
283,300,300,8.242640614509583,4.5,6,2
284,300,300,122.28427076339722,99.0,2,2
285,300,300,11.656854152679443,8.0,5,2
286,300,300,11.071067571640015,4.5,5,2
287,300,300,11.071067571640015,4.5,5,2
288,300,300,19.899494767189026,4.5,3,2
289,300,300,44.041630148887634,20.5,3,2
290,300,300,2.0,0.0,2,2
291,300,300,0.0,0.0,1,2
292,300,300,354.7350615262985,218.0,4,2
293,300,300,9.656854152679443,4.0,5,2
294,300,300,7.414213538169861,3.5,5,2
295,300,300,7.656854152679443,2.0,4,2
296,300,300,163.27921855449677,106.0,2,2
297,300,300,163.27921855449677,106.0,2,2
298,300,300,561.6711342334747,437.0,6,2
299,300,300,375.8893892765045,350.5,4,2
300,300,300,8.828427076339722,4.0,5,2
301,300,300,2.0,0.0,2,2
302,300,300,6.828427076339722,2.0,5,2
303,300,300,17.899494647979736,17.5,6,2
304,300,300,2.0,0.0,2,2
305,300,300,0.0,0.0,1,2
306,300,300,66.32590007781982,11.5,2,2
307,300,300,13.899494767189026,4.5,4,2
308,300,300,2.0,0.0,2,2
309,300,300,2.0,0.0,2,2
310,300,300,24.82842707633972,11.0,2,2
311,300,300,2.0,0.0,2,2
312,300,300,124.14213538169861,81.0,2,2
313,300,300,235.32084822654724,217.5,2,2
314,300,300,318.93607199192047,203.0,4,2
315,300,300,166.79393637180328,139.0,2,2
316,300,300,230.66904664039612,142.5,2,2
317,300,300,22.72792160511017,11.5,4,2
318,300,300,267.5979790687561,135.0,2,2
319,300,300,22.142135500907898,15.0,3,2
320,300,300,167.69848430156708,84.5,2,2
321,300,300,501.28635811805725,258.5,6,2
322,300,300,119.58073449134827,41.5,2,2
323,300,300,24.627416729927063,5.0,2,2
324,300,300,87.79898953437805,33.0,4,2
325,300,300,347.4284979104996,231.5,4,2
326,300,300,16.82842707633972,6.0,4,2
327,300,300,6.828427076339722,3.0,6,2
328,300,300,549.3868629932404,315.0,5,2
329,300,300,137.722869515419,82.5,2,2
330,300,300,245.94112491607666,129.0,2,2
331,300,300,156.69343411922455,89.5,2,2
332,300,300,2.8284270763397217,0.0,2,2
333,300,300,2.8284270763397217,0.0,2,2
334,300,300,52.24264061450958,21.5,2,2
335,300,300,0.0,0.0,1,2
336,300,300,42.485281229019165,9.0,2,2
337,300,300,4.828427076339722,1.0,4,2
338,300,300,4.828427076339722,1.0,3,2
339,300,300,212.5340517759323,98.0,2,2
340,300,300,13.656854152679443,9.0,5,2
341,300,300,611.126978635788,395.0,6,2
342,300,300,37.55634891986847,40.5,5,2
343,300,300,2.0,0.0,2,2
344,300,300,12.242640614509583,2.5,3,2
345,300,300,368.15641713142395,248.0,4,2
346,300,300,2.0,0.0,2,2
347,300,300,12.242640614509583,1.5,4,2
348,300,300,9.656854152679443,4.0,3,2
349,300,300,589.3107442855835,403.5,6,2
350,300,300,368.7005697488785,205.0,4,2
351,300,300,9.656854152679443,4.0,3,2
352,300,300,298.1248903274536,199.5,3,2
353,300,300,61.25483238697052,34.0,2,2
354,300,300,2.0,0.0,2,2
355,300,300,0.0,0.0,1,2
356,300,300,485.63960921764374,285.5,2,3
357,300,300,485.63960921764374,285.5,2,3
358,300,300,485.63960921764374,286.5,2,3
359,300,300,485.63960921764374,285.5,2,3
360,300,300,5.414213538169861,1.5,4,3
361,300,300,555.8822498321533,349.0,2,3
362,300,300,5.414213538169861,1.5,4,3
363,300,300,5.414213538169861,1.5,4,3
364,300,300,481.53910398483276,240.0,2,3
365,300,300,481.53910398483276,241.0,2,3
366,300,300,481.53910398483276,240.0,2,3
367,300,300,481.53910398483276,241.0,2,3
368,300,300,123.79898953437805,69.0,2,3
369,300,300,123.79898953437805,69.0,2,3
370,300,300,372.911687374115,206.0,2,3
371,300,300,372.911687374115,206.0,2,3
372,300,300,583.7817445993423,300.5,2,3
373,300,300,582.9533175230026,300.5,2,3
374,300,300,582.9533175230026,300.5,2,3
375,300,300,582.9533175230026,301.5,2,3
376,300,300,45.071067690849304,24.5,3,3
377,300,300,45.071067690849304,24.5,3,3
378,300,300,371.8406196832657,212.5,2,3
379,300,300,371.8406196832657,212.5,2,3
380,300,300,2.0,0.0,2,3
381,300,300,2.0,0.0,2,3
382,300,300,63.65685415267944,24.0,2,3
383,300,300,223.4558436870575,129.0,2,3
384,300,300,6.0,2.0,4,3
385,300,300,6.0,2.0,4,3
386,300,300,2.0,0.0,2,3
387,300,300,265.01219260692596,162.5,2,3
388,300,300,28.82842707633972,13.0,2,3
389,300,300,252.04163014888763,154.5,2,3
390,300,300,50.82842707633972,22.0,2,3
391,300,300,28.82842707633972,13.0,2,3
392,300,300,4.0,0.0,2,3
393,300,300,332.04163014888763,209.5,2,3
394,300,300,4.0,0.0,2,3
395,300,300,13.41421353816986,5.5,4,3
396,300,300,288.911687374115,243.0,2,3
397,300,300,288.911687374115,241.0,2,3
398,300,300,287.74011421203613,245.0,2,3
399,300,300,288.32590079307556,243.5,2,3
400,300,300,302.18376553058624,152.5,2,3
401,300,300,302.18376553058624,152.5,2,3
402,300,300,302.18376553058624,152.5,2,3
403,300,300,302.18376553058624,152.5,2,3
404,300,300,19.071067690849304,12.5,4,3
405,300,300,269.3553384542465,150.5,2,3
406,300,300,19.071067690849304,12.5,4,3
407,300,300,19.071067690849304,12.5,4,3
408,300,300,0.0,0.0,1,3
409,300,300,0.0,0.0,1,3
410,300,300,4.0,0.0,2,3
411,300,300,17.656854152679443,13.0,4,3
412,300,300,14.242640614509583,8.5,4,3
413,300,300,14.242640614509583,8.5,4,3
414,300,300,13.41421353816986,5.5,4,3
415,300,300,25.899494767189026,13.5,6,3
416,300,300,325.8406196832657,218.5,2,3
417,300,300,325.8406196832657,219.5,2,3
418,300,300,325.8406196832657,219.5,2,3
419,300,300,325.8406196832657,219.5,2,3
420,300,300,332.46803629398346,217.5,2,3
421,300,300,332.46803629398346,217.5,2,3
422,300,300,331.63960921764374,216.5,2,3
423,300,300,332.46803629398346,217.5,2,3
424,300,300,199.2132030725479,101.5,2,3
425,300,300,199.2132030725479,101.5,2,3
426,300,300,63.65685415267944,32.0,2,3
427,300,300,63.65685415267944,32.0,2,3
428,300,300,7.414213538169861,0.5,4,3
429,300,300,7.414213538169861,0.5,4,3
430,300,300,8.828427076339722,1.0,4,3
431,300,300,8.828427076339722,1.0,4,3
432,300,300,9.41421353816986,3.5,4,3
433,300,300,9.41421353816986,3.5,4,3
434,300,300,11.41421353816986,4.5,4,3
435,300,300,11.41421353816986,4.5,4,3
436,300,300,439.0092304944992,385.0,2,3
437,300,300,439.0092304944992,385.0,2,3
438,300,300,439.0092304944992,385.0,2,3
439,300,300,439.0092304944992,385.0,2,3
440,300,300,407.7300087213516,287.0,2,3
441,300,300,407.7300088405609,286.0,2,3
442,300,300,407.7300087213516,287.0,2,3
443,300,300,407.7300087213516,287.0,2,3
444,300,300,384.9604573249817,222.0,2,3
445,300,300,384.9604573249817,222.0,2,3
446,300,300,384.9604573249817,221.0,2,3
447,300,300,384.9604573249817,221.0,2,3
448,300,300,134.5269113779068,58.5,2,3
449,300,300,133.69848430156708,59.5,2,3
450,300,300,247.8406196832657,141.5,2,3
451,300,300,11.41421353816986,4.5,4,3
452,300,300,445.6122592687607,331.0,2,3
453,300,300,445.6122592687607,331.0,2,3
454,300,300,445.6122592687607,331.0,2,3
455,300,300,445.6122592687607,331.0,2,3
456,300,300,389.8822498321533,297.0,2,3
457,300,300,391.2964633703232,297.5,2,3
458,300,300,390.71067690849304,298.0,2,3
459,300,300,389.8822498321533,296.0,2,3
460,300,300,490.7523070573807,358.5,2,3
461,300,300,490.7523070573807,361.5,2,3
462,300,300,3.414213538169861,0.5,3,3
463,300,300,3.414213538169861,0.5,3,3
464,300,300,8.828427076339722,5.0,6,3
465,300,300,530.0243852138519,429.0,2,3
466,300,300,8.828427076339722,5.0,6,3
467,300,300,8.828427076339722,5.0,6,3
468,300,300,2.0,0.0,2,3
469,300,300,547.5807341337204,428.5,2,3
470,300,300,2.0,0.0,2,3
471,300,300,3.414213538169861,0.5,3,3
472,300,300,407.5533868074417,273.0,2,3
473,300,300,407.5533868074417,272.0,2,3
474,300,300,407.5533868074417,272.0,2,3
475,300,300,407.5533868074417,272.0,2,3
476,300,300,2.0,0.0,2,4
477,300,300,121.11269783973694,89.0,2,4
478,300,300,6.0,2.0,4,4
479,300,300,16.242640614509583,12.5,5,4
480,300,300,7.414213538169861,2.5,4,4
481,300,300,16.242640614509583,5.5,6,4
482,300,300,6.0,2.0,4,4
483,300,300,285.39696860313416,163.0,2,4
484,300,300,42.485281229019165,13.0,2,4
485,300,300,2.0,0.0,2,4
486,300,300,121.31370830535889,48.0,2,4
487,300,300,18.82842707633972,2.0,4,4
488,300,300,142.87005722522736,57.5,2,4
489,300,300,312.4264061450958,171.0,2,4
490,300,300,16.0,0.0,2,4
491,300,300,2.0,0.0,2,4
492,300,300,16.242640614509583,5.5,6,4
493,300,300,353.63960921764374,225.5,2,4
494,300,300,2.0,0.0,2,4
495,300,300,6.0,2.0,4,4
496,300,300,33.65685415267944,15.0,2,4
497,300,300,284.56854152679443,175.0,2,4
498,300,300,4.0,1.0,4,4
499,300,300,14.828427076339722,9.0,5,4
500,300,300,4.0,0.0,2,4
501,300,300,71.79898953437805,21.0,4,4
502,300,300,120.48528122901917,45.0,2,4
503,300,300,366.3675310611725,237.0,2,4
504,300,300,10.828427076339722,4.0,4,4
505,300,300,2.0,0.0,2,4
506,300,300,4.0,0.0,2,4
507,300,300,5.414213538169861,1.5,4,4
508,300,300,45.41421353816986,21.5,2,4
509,300,300,14.0,6.0,4,4
510,300,300,82.48528122901917,24.0,2,4
511,300,300,5.414213538169861,1.5,4,4
512,300,300,6.0,0.0,2,4
513,300,300,293.94112491607666,186.0,2,4
514,300,300,4.828427076339722,1.0,3,4
515,300,300,337.39696860313416,160.0,2,4
516,300,300,661.82337474823,520.0,4,4
517,300,300,661.82337474823,521.0,4,4
518,300,300,634.5096663236618,437.0,4,4
519,300,300,634.5096663236618,437.0,4,4
520,300,300,10.242640614509583,6.5,6,4
521,300,300,10.242640614509583,6.5,6,4
522,300,300,10.242640614509583,6.5,6,4
523,300,300,10.242640614509583,6.5,6,4
524,300,300,1240.4751764535904,840.0,8,4
525,300,300,1241.3036035299301,840.0,8,4
526,300,300,1240.4751764535904,841.0,8,4
527,300,300,1241.3036035299301,844.0,8,4
528,300,300,540.8528120517731,12935.0,4,4
529,300,300,540.8528120517731,12935.0,4,4
530,300,300,540.8528120517731,12933.0,4,4
531,300,300,540.8528120517731,12933.0,4,4
532,300,300,6.828427076339722,3.0,6,4
533,300,300,6.828427076339722,3.0,6,4
534,300,300,6.828427076339722,3.0,6,4
535,300,300,6.828427076339722,3.0,6,4
536,300,300,14.242640614509583,8.5,4,4
537,300,300,10.0,0.0,2,4
538,300,300,442.2253956794739,338.0,2,4
539,300,300,13.41421353816986,1.5,4,4
540,300,300,125.89949476718903,56.5,2,4
541,300,300,0.0,0.0,1,4
542,300,300,514.9533175230026,384.5,2,4
543,300,300,2.0,0.0,2,4
544,300,300,25.41421353816986,11.5,2,4
545,300,300,243.8406196832657,200.5,2,4
546,300,300,10.0,4.0,4,4
547,300,300,236.42640614509583,184.0,4,4
548,300,300,258.3847759962082,128.5,2,4
549,300,300,316.46803617477417,260.5,5,4
550,300,300,37.65685415267944,13.0,2,4
551,300,300,271.9827550649643,232.5,4,4
552,300,300,548.6518017053604,13804.0,4,4
553,300,300,548.6518017053604,13805.0,4,4
554,300,300,548.6518017053604,13804.0,4,4
555,300,300,548.6518017053604,13804.0,4,4
556,300,300,184.28427076339722,69.0,2,4
557,300,300,209.8406196832657,101.5,2,4
558,300,300,28.0,0.0,2,4
559,300,300,237.7401144504547,128.0,2,4
560,300,300,7.414213538169861,2.5,4,4
561,300,300,2.0,0.0,2,4
562,300,300,24.0,0.0,2,4
563,300,300,3.414213538169861,0.5,3,4
564,300,300,17.071067690849304,15.5,5,4
565,300,300,173.982754945755,115.5,2,4
566,300,300,2.0,0.0,2,4
567,300,300,63.21320307254791,38.5,3,4
568,300,300,3.414213538169861,0.5,3,4
569,300,300,6.2426406145095825,2.5,5,4
570,300,300,6.2426406145095825,2.5,5,4
571,300,300,3.414213538169861,0.5,3,4
572,300,300,7.414213538169861,2.5,4,4
573,300,300,65.65685415267944,29.0,2,4
574,300,300,65.65685415267944,30.0,2,4
575,300,300,127.79898953437805,61.0,2,4
576,300,300,14.242640614509583,9.5,5,4
577,300,300,21.656854152679443,9.0,3,4
578,300,300,6.0,0.0,2,4
579,300,300,7.414213538169861,2.5,4,4
580,300,300,9.656854152679443,5.0,5,4
581,300,300,50.14213538169861,17.0,2,4
582,300,300,350.6101715564728,192.5,2,4
583,300,300,4.0,1.0,4,4
584,300,300,31.071067690849304,15.5,3,4
585,300,300,6.828427076339722,2.0,4,4
586,300,300,43.31370830535889,12.0,3,4
587,300,300,4.0,0.0,2,4
588,300,300,4.0,0.0,2,4
589,300,300,10.828427076339722,4.0,4,4
590,300,300,35.65685415267944,15.0,4,4
591,300,300,4.828427076339722,0.0,4,4
592,300,300,21.071067690849304,15.5,3,4
593,300,300,6.0,2.0,4,4
594,300,300,0.0,0.0,1,4
595,300,300,4.828427076339722,1.0,3,4
596,300,300,614.4478294849396,336.5,4,5
597,300,300,399.712766289711,247.5,4,5
598,300,300,401.12697982788086,248.0,4,5
599,300,300,244.81832194328308,113.0,2,5
600,300,300,626.1879404783249,348.5,4,5
601,300,300,275.1025973558426,160.0,2,5
602,300,300,275.1025973558426,159.0,2,5
603,300,300,332.01428043842316,199.0,2,5
604,300,300,849.6092945337296,417.5,6,5
605,300,300,292.5168071985245,195.5,2,5
606,300,300,0.0,0.0,1,5
607,300,300,0.0,0.0,1,5
608,300,300,1153.7657098770142,752.5,8,5
609,300,300,1153.7657104730606,753.5,8,5
610,300,300,1153.7657097578049,750.5,8,5
611,300,300,1153.7657101154327,752.5,8,5
612,300,300,1141.8245875835419,683.5,8,5
613,300,300,1142.4103755950928,687.0,8,5
614,300,300,1142.4103734493256,686.0,8,5
615,300,300,1141.8245882987976,683.5,8,5
616,300,300,548.5239468812943,358.0,4,5
617,300,300,548.5239468812943,357.0,4,5
618,300,300,29.798989415168762,10.0,3,5
619,300,300,513.1097322702408,283.5,4,5
620,300,300,295.54624474048615,167.5,2,5
621,300,300,215.60512006282806,98.5,2,5
622,300,300,83.63960874080658,39.5,2,5
623,300,300,8.242640614509583,3.5,5,5
624,300,300,17.071067690849304,7.5,5,5
625,300,300,198.97770237922668,103.5,2,5
626,300,300,5.414213538169861,1.5,4,5
627,300,300,20.727921843528748,8.5,3,5
628,300,300,212.1909066438675,133.0,2,5
629,300,300,2.0,0.0,2,5
630,300,300,2.0,0.0,2,5
631,300,300,212.1909066438675,133.0,2,5
632,300,300,610.0458072423935,304.5,4,5
633,300,300,628.4894586801529,299.0,4,5
634,300,300,9.071067571640015,1.5,3,5
635,300,300,17.313708305358887,5.0,3,5
636,300,300,665.0924868583679,931.0,4,5
637,300,300,669.460018992424,546.0,4,5
638,300,300,6.2426406145095825,2.5,5,5
639,300,300,6.2426406145095825,2.5,5,5
640,300,300,375.0437160730362,233.0,2,5
641,300,300,375.0437160730362,233.0,2,5
642,300,300,863.886424779892,780.0,6,5
643,300,300,375.0437160730362,234.0,2,5
644,300,300,15.313708186149597,5.0,5,5
645,300,300,15.313708186149597,5.0,5,5
646,300,300,23.55634903907776,11.5,3,5
647,300,300,16.14213538169861,3.0,2,5
648,300,300,26.727921843528748,12.5,3,5
649,300,300,36.72792184352875,23.5,3,5
650,300,300,162.30865585803986,89.0,4,5
651,300,300,17.313708186149597,9.0,4,5
652,300,300,25.798989415168762,11.0,5,5
653,300,300,9.656854152679443,0.0,6,5
654,300,300,9.656854152679443,0.0,6,5
655,300,300,25.798989415168762,11.0,5,5
656,300,300,77.74011409282684,23.0,2,5
657,300,300,11.656854152679443,1.0,4,5
658,300,300,93.05382215976715,31.0,2,5
659,300,300,0.0,0.0,1,5
660,300,300,5.414213538169861,1.5,4,5
661,300,300,5.414213538169861,1.5,4,5
662,300,300,7.414213538169861,3.5,5,5
663,300,300,18.14213514328003,3.0,2,5
664,300,300,14.242640614509583,4.5,4,5
665,300,300,6.2426406145095825,2.5,5,5
666,300,300,10.242640614509583,4.5,7,5
667,300,300,14.242640614509583,4.5,4,5
668,300,300,13.656854152679443,6.0,5,5
669,300,300,13.656854152679443,6.0,5,5
670,300,300,229.2619752883911,145.5,2,5
671,300,300,229.26197469234467,146.5,2,5
672,300,300,1124.9129000902176,741.5,8,5
673,300,300,1124.9128996133804,743.5,8,5
674,300,300,1124.9129003286362,742.5,8,5
675,300,300,1124.9129000902176,741.5,8,5
676,300,300,2.8284270763397217,0.0,2,5
677,300,300,54.426406502723694,24.0,4,5
678,300,300,15.41421353816986,5.5,4,5
679,300,300,2.8284270763397217,0.0,2,5
680,300,300,92.48528122901917,36.0,2,5
681,300,300,56.669047832489014,33.5,2,5
682,300,300,324.08326041698456,202.0,2,5
683,300,300,28.041630506515503,11.5,2,5
684,300,300,237.94112491607666,156.0,2,5
685,300,300,404.7766909599304,244.5,4,5
686,300,300,237.94112491607666,157.0,2,5
687,300,300,252.13203287124634,163.0,2,5
688,300,300,0.0,0.0,1,5
689,300,300,0.0,0.0,1,5
690,300,300,0.0,0.0,1,5
691,300,300,879.2935016155243,465.0,5,5
692,300,300,516.7178186178207,293.5,4,5
693,300,300,496.57568323612213,271.5,4,5
694,300,300,496.57568323612213,271.5,4,5
695,300,300,516.7178186178207,294.5,4,5
696,300,300,326.2253956794739,176.0,2,5
697,300,300,106.38477611541748,45.5,4,5
698,300,300,41.65685415267944,13.0,2,5
699,300,300,215.6051185131073,79.5,2,5
700,300,300,178.49242210388184,78.5,2,5
701,300,300,178.49242222309113,79.5,2,5
702,300,300,10.828427076339722,6.0,6,5
703,300,300,36.041629791259766,10.5,2,5
704,300,300,3.414213538169861,0.5,3,5
705,300,300,31.55634880065918,21.5,7,5
706,300,300,8.0,0.0,2,5
707,300,300,271.5979790687561,123.0,2,5
708,300,300,62.97056245803833,27.0,2,5
709,300,300,30.242640614509583,5.5,3,5
710,300,300,24.82842707633972,6.0,2,5
711,300,300,34.28427016735077,7.0,2,5
712,300,300,9.41421353816986,0.5,4,5
713,300,300,16.14213526248932,1.0,2,5
714,300,300,47.65685415267944,15.0,2,5
715,300,300,6.828427076339722,2.0,5,5
716,300,300,2.0,0.0,2,6
717,300,300,2.0,0.0,2,6
718,300,300,228.6690467596054,127.5,2,6
719,300,300,10.242640614509583,3.5,8,6
720,300,300,5.414213538169861,1.5,4,6
721,300,300,6.828427076339722,1.0,4,6
722,300,300,9.41421353816986,2.5,5,6
723,300,300,58.14213538169861,15.0,2,6
724,300,300,26.242640614509583,3.5,3,6
725,300,300,26.242640614509583,3.5,3,6
726,300,300,98.97056245803833,32.0,2,6
727,300,300,99.79898953437805,32.0,2,6
728,300,300,12.828427076339722,1.0,4,6
729,300,300,82.97056245803833,23.0,2,6
730,300,300,227.8406196832657,109.5,4,6
731,300,300,9.656854152679443,5.0,5,6
732,300,300,8.0,0.0,2,6
733,300,300,7.414213538169861,2.5,4,6
734,300,300,7.414213538169861,2.5,4,6
735,300,300,8.0,0.0,2,6
736,300,300,6.828427076339722,2.0,4,6
737,300,300,232.9116872549057,89.0,2,6
738,300,300,53.899494767189026,23.5,2,6
739,300,300,18.242640614509583,7.5,4,6
740,300,300,24.242640614509583,5.5,4,6
741,300,300,345.8822498321533,163.0,2,6
742,300,300,4.0,0.0,2,6
743,300,300,42.24264061450958,17.5,2,6
744,300,300,20.242640614509583,8.5,3,6
745,300,300,27.656854152679443,11.0,2,6
746,300,300,289.39696860313416,122.0,2,6
747,300,300,281.8406196832657,138.5,2,6
748,300,300,216.6690467596054,109.5,2,6
749,300,300,216.6690467596054,109.5,2,6
750,300,300,42.485281229019165,14.0,2,6
751,300,300,42.485281229019165,14.0,2,6
752,300,300,251.0538227558136,197.0,2,6
753,300,300,756.3086559772491,632.0,6,6
754,300,300,250.22539567947388,199.0,2,6
755,300,300,251.0538227558136,197.0,2,6
756,300,300,8.242640614509583,2.5,4,6
757,300,300,4.828427076339722,1.0,4,6
758,300,300,4.828427076339722,1.0,4,6
759,300,300,8.242640614509583,2.5,4,6
760,300,300,10.828427076339722,2.0,3,6
761,300,300,0.0,0.0,1,6
762,300,300,314.46803629398346,272.5,4,6
763,300,300,4.0,0.0,2,6
764,300,300,14.242640614509583,7.5,5,6
765,300,300,0.0,0.0,1,6
766,300,300,297.1543279886246,272.5,2,6
767,300,300,4.0,0.0,2,6
768,300,300,3.414213538169861,0.5,3,6
769,300,300,3.414213538169861,0.5,3,6
770,300,300,3.414213538169861,0.5,3,6
771,300,300,4.828427076339722,1.0,4,6
772,300,300,544.994947552681,13433.0,4,6
773,300,300,544.4091610908508,13432.5,4,6
774,300,300,544.994947552681,13433.0,4,6
775,300,300,544.994947552681,13434.0,4,6
776,300,300,3.414213538169861,0.5,3,6
777,300,300,504.26702547073364,13860.5,4,6
778,300,300,3.414213538169861,0.5,3,6
779,300,300,3.414213538169861,0.5,3,6
780,300,300,991.7056245803833,696.0,8,6
781,300,300,992.534051656723,697.0,8,6
782,300,300,991.7056245803833,696.0,8,6
783,300,300,992.534051656723,695.0,8,6
784,300,300,6.0,2.0,4,6
785,300,300,6.0,2.0,4,6
786,300,300,7.414213538169861,2.5,4,6
787,300,300,6.0,2.0,4,6
788,300,300,197.55634891986847,107.5,2,6
789,300,300,197.55634891986847,107.5,2,6
790,300,300,4.0,1.0,4,6
791,300,300,4.0,1.0,4,6
792,300,300,92.62741661071777,81.0,3,6
793,300,300,6.828427076339722,2.0,4,6
794,300,300,2.0,0.0,2,6
795,300,300,7.414213538169861,2.5,4,6
796,300,300,258.71067690849304,123.0,2,6
797,300,300,821.6467496156693,427.0,6,6
798,300,300,6.2426406145095825,2.5,5,6
799,300,300,6.2426406145095825,2.5,5,6
800,300,300,6.0,0.0,2,6
801,300,300,44.14213538169861,10.0,2,6
802,300,300,13.41421353816986,5.5,4,6
803,300,300,241.0538226366043,174.0,2,6
804,300,300,240.66904664039612,130.5,2,6
805,300,300,240.66904664039612,131.5,2,6
806,300,300,8.828427076339722,4.0,4,6
807,300,300,8.828427076339722,4.0,4,6
808,300,300,11.41421353816986,3.5,4,6
809,300,300,11.41421353816986,3.5,4,6
810,300,300,3.414213538169861,0.5,3,6
811,300,300,3.414213538169861,0.5,3,6
812,300,300,16.82842707633972,6.0,4,6
813,300,300,392.85281229019165,195.0,4,6
814,300,300,9.41421353816986,3.5,4,6
815,300,300,9.41421353816986,3.5,4,6
816,300,300,505.52185893058777,12977.5,4,6
817,300,300,505.52185893058777,12976.5,4,6
818,300,300,505.52185893058777,12977.5,4,6
819,300,300,505.52185893058777,12978.5,4,6
820,300,300,2.0,0.0,2,6
821,300,300,2.0,0.0,2,6
822,300,300,2.0,0.0,2,6
823,300,300,130.5269113779068,60.5,2,6
824,300,300,0.0,0.0,1,6
825,300,300,2.0,0.0,2,6
826,300,300,7.414213538169861,2.5,4,6
827,300,300,4.828427076339722,1.0,4,6
828,300,300,555.4629839658737,15574.5,4,6
829,300,300,555.4629839658737,15575.5,4,6
830,300,300,555.4629839658737,15575.5,4,6
831,300,300,555.4629839658737,15573.5,4,6
832,300,300,23.071067690849304,5.5,3,7
833,300,300,15.656854152679443,9.0,5,7
834,300,300,2.0,0.0,2,7
835,300,300,235.25483322143555,164.0,2,7
836,300,300,192.87005722522736,80.5,2,7
837,300,300,3.414213538169861,0.5,3,7
838,300,300,337.0538227558136,178.0,2,7
839,300,300,229.69848430156708,110.5,2,7
840,300,300,24.485281229019165,6.0,4,7
841,300,300,227.5979790687561,179.0,2,7
842,300,300,4.0,0.0,2,7
843,300,300,28.3847758769989,3.5,2,7
844,300,300,50.485281229019165,30.0,3,7
845,300,300,14.485281109809875,9.0,6,7
846,300,300,10.242640614509583,2.5,5,7
847,300,300,0.0,0.0,1,7
848,300,300,462.811182141304,269.5,2,7
849,300,300,283.5462441444397,242.5,2,7
850,300,300,295.2132030725479,153.5,2,7
851,300,300,252.08326029777527,220.0,2,7
852,300,300,75.89949476718903,38.5,2,7
853,300,300,0.0,0.0,1,7
854,300,300,4.0,0.0,2,7
855,300,300,208.5269113779068,127.5,2,7
856,300,300,475.39696860313416,200.0,2,7
857,300,300,14.828427076339722,5.0,4,7
858,300,300,711.3279875516891,401.0,4,7
859,300,300,381.982754945755,253.5,4,7
860,300,300,0.0,0.0,1,7
861,300,300,51.65685415267944,11.0,2,7
862,300,300,12.242640614509583,2.5,5,7
863,300,300,12.242640614509583,2.5,5,7
864,300,300,5.414213538169861,1.5,4,7
865,300,300,0.0,0.0,1,7
866,300,300,0.0,0.0,1,7
867,300,300,5.414213538169861,1.5,4,7
868,300,300,91.79898953437805,36.0,2,7
869,300,300,0.0,0.0,1,7
870,300,300,77.0710676908493,39.5,2,7
871,300,300,205.11269783973694,176.0,2,7
872,300,300,4.0,1.0,4,7
873,300,300,4.0,1.0,4,7
874,300,300,19.656854152679443,7.0,5,7
875,300,300,8.0,0.0,2,7
876,300,300,0.0,0.0,1,7
877,300,300,0.0,0.0,1,7
878,300,300,75.55634891986847,57.5,3,7
879,300,300,5.414213538169861,1.5,4,7
880,300,300,6.0,0.0,2,7
881,300,300,2.0,0.0,2,7
882,300,300,13.071067690849304,8.5,5,7
883,300,300,13.071067690849304,8.5,5,7
884,300,300,13.071067690849304,9.5,5,7
885,300,300,13.071067690849304,9.5,5,7
886,300,300,13.071067690849304,8.5,5,7
887,300,300,13.071067690849304,8.5,5,7
888,300,300,0.0,0.0,1,7
889,300,300,350.67618930339813,330.0,4,7
890,300,300,680.1736606359482,542.5,4,7
891,300,300,0.0,0.0,1,7
892,300,300,34.72792184352875,17.5,3,7
893,300,300,2.0,0.0,2,7
894,300,300,2.0,0.0,2,7
895,300,300,34.72792184352875,17.5,3,7
896,300,300,1001.7300100326538,613.0,8,7
897,300,300,1001.7300100326538,611.0,8,7
898,300,300,1000.9015829563141,613.0,8,7
899,300,300,1001.7300100326538,614.0,8,7
900,300,300,4.0,1.0,4,7
901,300,300,4.0,1.0,4,7
902,300,300,4.0,1.0,4,7
903,300,300,4.0,1.0,4,7
904,300,300,8.828427076339722,5.0,5,7
905,300,300,8.828427076339722,5.0,5,7
906,300,300,8.828427076339722,5.0,5,7
907,300,300,8.828427076339722,5.0,5,7
908,300,300,92.9116872549057,53.0,4,7
909,300,300,136.55129659175873,77.5,2,7
910,300,300,0.0,0.0,1,7
911,300,300,92.9116872549057,53.0,4,7
912,300,300,17.899494647979736,12.5,6,7
913,300,300,0.0,0.0,1,7
914,300,300,49.6984840631485,24.5,2,7
915,300,300,16.485281109809875,12.0,6,7
916,300,300,7.414213538169861,3.5,5,7
917,300,300,50.82842707633972,9.0,2,7
918,300,300,0.0,0.0,1,7
919,300,300,7.414213538169861,3.5,5,7
920,300,300,7.414213538169861,2.5,4,7
921,300,300,15.899494767189026,6.5,6,7
922,300,300,3.414213538169861,0.5,3,7
923,300,300,12.242640614509583,6.5,6,7
924,300,300,10.828427076339722,2.0,6,7
925,300,300,15.41421353816986,3.5,3,7
926,300,300,4.0,0.0,2,7
927,300,300,10.828427076339722,2.0,6,7
928,300,300,205.33809340000153,116.0,4,7
929,300,300,405.06096374988556,240.5,6,7
930,300,300,205.740114569664,104.0,4,7
931,300,300,65.49747335910797,26.5,2,7
932,300,300,57.55634891986847,30.5,3,7
933,300,300,6.828427076339722,2.0,4,7
934,300,300,4.0,1.0,4,7
935,300,300,3.414213538169861,0.5,3,7
936,300,300,9.41421353816986,3.5,4,7
937,300,300,59.11269783973694,23.0,3,7
938,300,300,6.0,2.0,4,7
939,300,300,9.41421353816986,3.5,4,7
940,300,300,4.828427076339722,1.0,3,7
941,300,300,7.414213538169861,2.5,4,7
942,300,300,2.0,0.0,2,7
943,300,300,4.828427076339722,1.0,3,7
944,300,300,676.3990557193756,16294.5,4,7
945,300,300,676.1564152240753,16290.0,4,7
946,300,300,676.9848421812057,16292.0,4,7
947,300,300,676.156415104866,16293.0,4,7
948,300,300,452.4507911205292,231.0,4,7
949,300,300,506.7005716562271,304.0,6,7
950,300,300,153.5979790687561,42.0,2,7
951,300,300,77.39696788787842,21.0,2,7
952,300,300,16.82842707633972,2.0,4,8
953,300,300,4.828427076339722,1.0,4,8
954,300,300,130.26702523231506,34.5,2,8
955,300,300,4.0,1.0,4,8
956,300,300,921.494508266449,490.0,4,8
957,300,300,0.0,0.0,1,8
958,300,300,9.656854152679443,4.0,6,8
959,300,300,565.2518664598465,296.5,4,8
960,300,300,293.8406196832657,156.5,2,8
961,300,300,526.1320303678513,364.0,2,8
962,300,300,525.5462437868118,360.5,2,8
963,300,300,512.9432128667831,238.5,2,8
964,300,300,334.32590091228485,187.5,2,8
965,300,300,423.4802289009094,242.0,2,8
966,300,300,4.0,1.0,4,8
967,300,300,527.251867055893,288.5,2,8
968,300,300,12.242640614509583,3.5,5,8
969,300,300,296.0315251350403,220.5,2,8
970,300,300,2.0,0.0,2,8
971,300,300,11.41421353816986,2.5,3,8
972,300,300,76.04163014888763,31.5,2,8
973,300,300,75.4558436870575,31.0,2,8
974,300,300,76.04163014888763,32.5,2,8
975,300,300,75.4558436870575,31.0,2,8
976,300,300,457.1198379993439,240.5,2,8
977,300,300,840.4823167324066,468.5,4,8
978,300,300,457.1198379993439,239.5,2,8
979,300,300,457.1198379993439,240.5,2,8
980,300,300,352.2670258283615,215.5,2,8
981,300,300,917.2346230745316,489.0,4,8
982,300,300,917.2346230745316,489.0,4,8
983,300,300,917.2346230745316,489.0,4,8
984,300,300,331.25483322143555,200.0,2,8
985,300,300,740.3401812314987,382.5,4,8
986,300,300,266.53405022621155,125.0,2,8
987,300,300,266.53405022621155,125.0,2,8
988,300,300,11.071067690849304,1.5,4,8
989,300,300,11.071067690849304,1.5,4,8
990,300,300,9.656854152679443,1.0,5,8
991,300,300,12.485281229019165,1.0,5,8
992,300,300,12.242640614509583,7.5,6,8
993,300,300,12.242640614509583,7.5,6,8
994,300,300,12.242640614509583,7.5,6,8
995,300,300,12.242640614509583,7.5,6,8
996,300,300,2.0,0.0,2,8
997,300,300,2.0,0.0,2,8
998,300,300,0.0,0.0,1,8
999,300,300,0.0,0.0,1,8
1000,300,300,16.242640614509583,4.5,5,8
1001,300,300,16.242640614509583,4.5,5,8
1002,300,300,319.73000824451447,204.0,2,8
1003,300,300,6.2426406145095825,2.5,5,8
1004,300,300,2.0,0.0,2,8
1005,300,300,2.0,0.0,2,8
1006,300,300,4.0,0.0,2,8
1007,300,300,130.3675308227539,103.0,5,8
1008,300,300,17.41421353816986,7.5,4,8
1009,300,300,17.41421353816986,7.5,4,8
1010,300,300,7.414213538169861,2.5,4,8
1011,300,300,123.55634891986847,113.5,2,8
1012,300,300,4.0,1.0,4,8
1013,300,300,20.727921724319458,20.5,4,8
1014,300,300,20.727921724319458,19.5,4,8
1015,300,300,4.0,1.0,4,8
1016,300,300,447.78888607025146,7166.0,3,8
1017,300,300,6.0,2.0,4,8
1018,300,300,6.0,2.0,4,8
1019,300,300,447.78888607025146,7167.0,3,8
1020,300,300,456.37467086315155,7721.5,3,8
1021,300,300,456.37467086315155,7721.5,3,8
1022,300,300,456.37467074394226,7722.5,3,8
1023,300,300,456.37467074394226,7722.5,3,8
1024,300,300,828.9087221622467,610.5,7,8
1025,300,300,829.7371492385864,611.5,7,8
1026,300,300,828.9087220430374,609.5,7,8
1027,300,300,828.9087221622467,611.5,7,8
1028,300,300,2.0,0.0,2,8
1029,300,300,34.870057821273804,14.5,3,8
1030,300,300,34.87005794048309,15.5,3,8
1031,300,300,0.0,0.0,1,8
1032,300,300,19.899494767189026,9.5,5,8
1033,300,300,29.55634891986847,15.5,4,8
1034,300,300,0.0,0.0,1,8
1035,300,300,17.071067690849304,9.5,5,8
1036,300,300,987.0924894809723,672.0,6,8
1037,300,300,987.0924904346466,674.0,6,8
1038,300,300,987.0924904346466,675.0,6,8
1039,300,300,986.2640633583069,673.0,6,8
1040,300,300,2.8284270763397217,0.0,2,8
1041,300,300,2.0,0.0,2,8
1042,300,300,2.0,0.0,2,8
1043,300,300,2.8284270763397217,0.0,2,8
1044,300,300,2.8284270763397217,0.0,2,8
1045,300,300,1019.3838982582092,640.5,6,8
1046,300,300,2.8284270763397217,0.0,2,8
1047,300,300,2.8284270763397217,0.0,2,8
1048,300,300,10.0,6.0,4,8
1049,300,300,6.828427076339722,2.0,4,8
1050,300,300,6.828427076339722,2.0,4,8
1051,300,300,10.0,6.0,4,8
1052,300,300,94.02438569068909,50.0,2,8
1053,300,300,11.071067690849304,1.5,4,8
1054,300,300,2.0,0.0,2,8
1055,300,300,3.414213538169861,0.5,3,8
1056,300,300,639.0681027173996,13858.0,3,8
1057,300,300,639.0681029558182,13860.0,3,8
1058,300,300,639.0681027173996,13858.0,3,8
1059,300,300,639.0681027173996,13858.0,3,8
1060,300,300,1335.6509238481522,781.0,6,8
1061,300,300,1335.6509238481522,780.0,6,8
1062,300,300,1335.6509240865707,779.0,6,8
1063,300,300,1335.6509239673615,779.0,6,8
1064,300,300,27.798989415168762,13.0,3,8
1065,300,300,308.8010770082474,188.5,2,8
1066,300,300,3.414213538169861,0.5,3,8
1067,300,300,6.2426406145095825,2.5,5,8
1068,300,300,472.2497808933258,268.0,2,8
1069,300,300,333.9726495742798,260.5,2,8
1070,300,300,302.6173117160797,189.0,2,8
1071,300,300,302.6173117160797,189.0,2,8
